customer_id,total_revenue,avg_revenue,purchase_frequency,total_quantity,first_purchase,last_purchase,recency,customer_lifetime,segment
CUST_0001,3192.8799999999997,638.5759999999999,5,25,2024-03-03,2025-07-25,46,509,2
CUST_0002,8131.549999999999,1161.6499999999999,7,31,2023-09-23,2025-08-20,20,697,3
CUST_0003,1769.0900000000001,589.6966666666667,3,16,2024-01-11,2025-05-06,126,481,2
CUST_0004,1039.8500000000001,519.9250000000001,2,21,2023-11-17,2024-09-13,361,301,1
CUST_0005,2994.1099999999997,598.8219999999999,5,63,2023-10-16,2025-09-05,4,690,2
CUST_0006,5075.5599999999995,845.9266666666666,6,47,2023-10-28,2024-08-18,387,295,1
CUST_0007,5181.9400000000005,740.277142857143,7,30,2023-09-13,2025-08-11,29,698,0
CUST_0008,7279.71,1213.285,6,32,2024-01-08,2025-07-16,55,555,0
CUST_0009,10500.62,1312.5775,8,50,2023-09-16,2025-07-09,62,662,3
CUST_0010,2094.5299999999997,418.90599999999995,5,22,2023-10-18,2025-09-07,2,690,2
CUST_0011,9810.39,2452.5975,4,34,2023-09-11,2024-11-28,285,444,0
CUST_0012,1392.17,278.434,5,12,2023-10-07,2025-07-06,65,638,2
CUST_0013,2262.91,452.582,5,17,2023-11-04,2025-04-28,134,541,2
CUST_0014,5914.48,1182.896,5,22,2023-10-13,2025-01-13,239,458,0
CUST_0015,7944.81,993.10125,8,31,2023-11-02,2025-08-20,20,657,3
CUST_0016,7824.539999999999,1304.09,6,34,2023-11-25,2025-08-04,36,618,0
CUST_0017,2609.06,652.265,4,31,2024-01-28,2025-06-09,92,498,2
CUST_0018,1203.1299999999999,601.5649999999999,2,10,2025-02-15,2025-07-13,58,148,2
CUST_0019,3344.35,836.0875,4,25,2023-09-12,2025-08-10,30,698,2
CUST_0020,9706.98,2426.745,4,21,2024-01-04,2025-01-15,237,377,0
CUST_0021,4015.01,573.5728571428572,7,42,2024-03-19,2025-09-02,7,532,0
CUST_0022,5319.43,591.0477777777778,9,59,2023-12-15,2025-05-05,127,507,0
CUST_0023,3688.05,737.61,5,50,2023-10-11,2025-06-21,80,619,0
CUST_0024,2048.98,512.245,4,52,2023-12-02,2024-12-09,274,373,1
CUST_0025,8130.65,1161.5214285714285,7,52,2023-10-01,2025-04-18,144,565,3
CUST_0026,2886.0099999999998,577.202,5,17,2023-11-23,2025-08-25,15,641,2
CUST_0027,9368.03,1338.2900000000002,7,31,2024-01-22,2025-09-08,1,595,3
CUST_0028,4875.41,1625.1366666666665,3,13,2023-11-06,2024-01-01,617,56,1
CUST_0029,4327.4400000000005,865.488,5,36,2023-12-12,2025-08-25,15,622,0
CUST_0030,4755.56,4755.56,1,4,2025-07-17,2025-07-17,54,0,2
CUST_0031,12289.02,2048.17,6,42,2023-09-27,2025-07-06,65,648,3
CUST_0032,2074.3,414.86,5,51,2024-01-04,2025-04-24,138,476,2
CUST_0033,4028.87,805.774,5,37,2024-03-12,2025-08-03,37,509,0
CUST_0034,7515.87,1252.645,6,41,2023-11-29,2025-04-09,153,497,0
CUST_0035,4580.01,1526.67,3,16,2024-06-09,2025-01-06,246,211,2
CUST_0036,2385.19,795.0633333333334,3,16,2024-04-10,2025-09-04,5,512,2
CUST_0037,13009.69,1626.21125,8,44,2023-11-01,2025-09-07,2,676,3
CUST_0038,7201.459999999999,1800.3649999999998,4,32,2023-09-29,2025-08-22,18,693,0
CUST_0039,2240.7799999999997,746.9266666666666,3,23,2024-02-21,2024-08-18,387,179,1
CUST_0040,3857.22,964.305,4,24,2024-04-24,2025-05-16,116,387,2
CUST_0041,353.75,353.75,1,1,2024-06-01,2024-06-01,465,0,1
CUST_0042,3997.98,571.14,7,45,2024-01-28,2025-08-18,22,568,0
CUST_0043,1824.74,260.6771428571429,7,71,2023-11-25,2025-08-29,11,643,0
CUST_0044,7542.07,2514.023333333333,3,26,2023-12-18,2025-06-10,91,540,0
CUST_0045,2173.94,434.788,5,34,2023-10-24,2025-01-15,237,449,2
CUST_0046,5793.14,1448.285,4,31,2023-10-19,2025-04-25,137,554,0
CUST_0047,1312.28,656.14,2,4,2023-10-23,2023-11-27,652,35,1
CUST_0048,647.32,647.32,1,6,2025-02-11,2025-02-11,210,0,2
CUST_0049,7749.34,1291.5566666666666,6,51,2023-09-11,2025-01-07,245,484,0
CUST_0050,2565.85,427.64166666666665,6,38,2023-11-19,2025-08-19,21,639,0
CUST_0051,4430.58,1476.86,3,22,2023-10-14,2024-08-02,403,293,1
CUST_0052,5261.11,657.63875,8,31,2023-09-21,2024-09-02,372,347,0
CUST_0053,6411.7699999999995,1282.3539999999998,5,41,2023-11-03,2024-10-24,320,356,1
CUST_0054,6052.26,672.4733333333334,9,51,2023-10-23,2025-04-30,132,555,3
CUST_0055,6108.54,763.5675,8,59,2023-10-17,2025-09-08,1,692,0
CUST_0056,20817.440000000002,2081.744,10,41,2023-10-18,2025-08-03,37,655,3
CUST_0057,5018.51,5018.51,1,4,2024-01-08,2024-01-08,610,0,1
CUST_0058,4489.3099999999995,748.2183333333332,6,30,2023-10-16,2025-09-06,3,691,0
CUST_0059,4243.09,707.1816666666667,6,67,2023-09-12,2025-06-18,83,645,0
CUST_0060,646.8,646.8,1,4,2025-08-05,2025-08-05,35,0,2
CUST_0061,1866.98,373.396,5,31,2023-09-12,2025-01-07,245,483,2
CUST_0062,7385.800000000001,1477.1600000000003,5,21,2024-05-13,2025-07-25,46,438,0
CUST_0063,3727.6800000000003,745.5360000000001,5,56,2023-09-24,2024-12-01,282,434,1
CUST_0064,1614.94,538.3133333333334,3,48,2023-11-04,2025-02-12,209,466,2
CUST_0065,6643.29,1328.658,5,34,2024-01-30,2025-07-07,64,524,0
CUST_0066,1962.26,490.565,4,20,2024-03-16,2025-06-24,77,465,2
CUST_0067,5163.320000000001,1032.6640000000002,5,40,2024-11-03,2025-06-24,77,233,0
CUST_0068,9727.51,1621.2516666666668,6,29,2024-04-18,2025-08-04,36,473,3
CUST_0069,9764.44,1220.555,8,43,2023-09-22,2025-08-25,15,703,3
CUST_0070,5772.9,824.6999999999999,7,39,2023-10-15,2025-07-12,59,636,0
CUST_0071,2878.62,719.655,4,19,2024-06-17,2024-12-04,279,170,1
CUST_0072,3979.31,994.8275,4,22,2023-12-24,2025-08-03,37,588,2
CUST_0073,7283.13,1040.4471428571428,7,28,2023-10-23,2025-05-15,117,570,0
CUST_0074,1876.28,625.4266666666666,3,9,2024-01-20,2025-03-27,166,432,2
CUST_0075,2009.0700000000002,669.69,3,25,2025-01-14,2025-04-19,143,95,2
CUST_0076,471.47,471.47,1,5,2023-11-07,2023-11-07,672,0,1
CUST_0077,8020.429999999999,729.13,11,59,2023-11-27,2025-08-31,9,643,3
CUST_0078,8488.2,1212.6000000000001,7,47,2023-09-14,2025-07-15,56,670,3
CUST_0079,11659.86,1943.3100000000002,6,48,2023-09-12,2025-06-13,88,640,3
CUST_0080,2084.74,521.185,4,24,2025-01-04,2025-04-28,134,114,2
CUST_0081,6436.1900000000005,919.4557142857144,7,43,2024-02-03,2025-09-03,6,578,0
CUST_0082,7420.26,1855.065,4,15,2023-09-16,2024-10-18,326,398,1
CUST_0083,9749.039999999999,1392.7199999999998,7,46,2023-09-24,2025-08-01,39,677,3
CUST_0084,11183.470000000001,1863.9116666666669,6,43,2024-03-28,2025-08-19,21,509,3
CUST_0085,7639.03,954.87875,8,89,2023-10-15,2025-03-24,169,526,3
CUST_0086,2618.73,436.455,6,27,2023-12-08,2025-09-03,6,635,0
CUST_0087,3458.56,691.712,5,33,2023-10-03,2025-02-02,219,488,2
CUST_0088,3878.27,969.5675,4,25,2023-09-27,2025-05-27,105,608,2
CUST_0089,1265.88,632.94,2,6,2024-06-28,2025-08-04,36,402,2
CUST_0090,5390.66,898.4433333333333,6,41,2023-10-15,2025-05-24,108,587,0
CUST_0091,7660.81,1094.4014285714286,7,27,2023-12-24,2024-09-07,367,258,0
CUST_0092,5831.37,530.1245454545455,11,49,2023-12-16,2025-09-08,1,632,3
CUST_0093,7360.889999999999,1226.8149999999998,6,24,2023-12-04,2025-08-06,34,611,0
CUST_0094,3159.15,1053.05,3,15,2023-12-23,2025-04-24,138,488,2
CUST_0095,2977.06,595.412,5,39,2024-06-14,2025-07-28,43,409,2
CUST_0096,1322.7,264.54,5,34,2023-10-24,2025-07-03,68,618,2
CUST_0097,1737.94,347.588,5,19,2024-09-19,2025-09-03,6,349,2
CUST_0098,11578.84,2315.768,5,19,2023-12-13,2025-01-21,231,405,3
CUST_0099,3891.5,648.5833333333334,6,37,2024-04-17,2025-05-24,108,402,0
CUST_0100,3045.08,761.27,4,33,2024-02-08,2025-07-12,59,520,2
CUST_0101,6709.52,1341.904,5,23,2023-12-28,2025-04-05,157,464,0
CUST_0102,2085.58,1042.79,2,18,2024-02-14,2025-07-15,56,517,2
CUST_0103,10267.97,933.4518181818181,11,80,2023-09-13,2025-05-10,122,605,3
CUST_0104,820.66,410.33,2,21,2023-12-07,2025-03-27,166,476,2
CUST_0105,2619.8,873.2666666666668,3,20,2023-10-30,2025-05-26,106,574,2
CUST_0106,3861.57,772.3140000000001,5,28,2024-03-10,2024-12-17,266,282,1
CUST_0107,2215.66,443.13199999999995,5,32,2023-10-17,2024-12-24,259,434,2
CUST_0108,2006.26,501.565,4,12,2024-04-16,2025-05-14,118,393,2
CUST_0109,11625.820000000002,1291.7577777777778,9,51,2024-04-18,2025-08-12,28,481,3
CUST_0110,3686.75,921.6875,4,21,2023-11-10,2024-10-27,317,352,1
CUST_0111,605.41,302.705,2,8,2023-12-22,2025-05-13,119,508,2
CUST_0112,11982.119999999999,1711.7314285714285,7,41,2023-10-30,2025-09-07,2,678,3
CUST_0113,3012.44,1506.22,2,11,2023-10-09,2024-09-02,372,329,1
CUST_0114,4942.41,1235.6025,4,40,2024-09-10,2024-11-30,283,81,1
CUST_0115,2969.04,593.808,5,59,2024-05-20,2025-08-26,14,463,2
CUST_0116,4016.43,669.405,6,41,2024-03-06,2025-08-20,20,532,0
CUST_0117,608.0799999999999,304.03999999999996,2,26,2024-08-24,2025-02-26,195,186,2
CUST_0118,8580.86,1716.172,5,21,2023-11-18,2025-05-10,122,539,0
CUST_0119,3508.66,701.732,5,55,2023-12-31,2025-06-02,99,519,0
CUST_0120,2612.3500000000004,653.0875000000001,4,52,2024-03-09,2025-07-06,65,484,2
CUST_0121,5096.860000000001,509.68600000000004,10,27,2023-09-30,2025-08-08,32,678,3
CUST_0122,2027.19,506.7975,4,36,2023-09-16,2025-06-23,78,646,2
CUST_0123,1550.34,1550.34,1,9,2025-03-13,2025-03-13,180,0,2
CUST_0124,4335.51,722.585,6,27,2024-01-19,2025-08-21,19,580,0
CUST_0125,1106.64,1106.64,1,4,2024-10-09,2024-10-09,335,0,1
CUST_0126,1402.91,1402.91,1,9,2023-09-21,2023-09-21,719,0,1
CUST_0127,276.91,276.91,1,5,2024-05-25,2024-05-25,472,0,1
CUST_0128,12154.91,1736.4157142857143,7,48,2023-11-13,2025-05-09,123,543,3
CUST_0129,1780.3700000000001,445.09250000000003,4,23,2023-10-20,2025-06-25,76,614,2
CUST_0130,4081.59,680.265,6,60,2023-10-24,2025-09-06,3,683,0
CUST_0131,706.73,235.57666666666668,3,29,2023-09-21,2024-11-30,283,436,1
CUST_0132,1188.41,594.205,2,26,2024-12-05,2025-08-30,10,268,2
CUST_0133,186.28,186.28,1,11,2024-07-31,2024-07-31,405,0,1
CUST_0134,5870.5,733.8125,8,40,2023-10-29,2025-03-13,180,501,0
CUST_0135,4335.67,619.3814285714286,7,58,2024-01-11,2025-05-29,103,504,0
CUST_0136,6475.3,925.0428571428572,7,42,2024-02-13,2025-06-14,87,487,0
CUST_0137,1704.29,568.0966666666667,3,18,2024-08-04,2025-05-22,110,291,2
CUST_0138,4571.99,761.9983333333333,6,44,2023-12-24,2025-06-27,74,551,0
CUST_0139,2907.13,726.7825,4,31,2023-10-17,2024-11-08,305,388,1
CUST_0140,7385.85,923.23125,8,87,2023-12-21,2025-05-21,111,517,3
CUST_0141,5117.03,639.62875,8,76,2023-10-18,2025-08-07,33,659,0
CUST_0142,3763.2200000000003,627.2033333333334,6,42,2024-02-03,2025-03-24,169,415,0
CUST_0143,3526.65,881.6625,4,32,2024-09-27,2025-07-31,40,307,2
CUST_0144,1571.08,785.54,2,14,2024-08-15,2025-02-06,215,175,2
CUST_0145,1155.95,288.9875,4,27,2023-12-11,2025-05-21,111,527,2
CUST_0146,7571.5599999999995,1261.9266666666665,6,30,2023-09-26,2025-08-17,23,691,0
CUST_0147,8791.79,976.8655555555556,9,33,2023-10-31,2025-07-09,62,617,3
CUST_0148,2791.89,697.9725,4,27,2023-09-12,2025-08-31,9,719,2
CUST_0149,3360.91,672.182,5,44,2023-10-22,2025-04-28,134,554,2
CUST_0150,1890.52,472.63,4,29,2024-10-15,2025-04-05,157,172,2
CUST_0151,5071.66,845.2766666666666,6,25,2023-09-17,2025-06-24,77,646,0
CUST_0152,1524.63,381.1575,4,45,2024-10-22,2025-03-13,180,142,2
CUST_0153,1328.45,664.225,2,9,2024-01-20,2025-04-16,146,452,2
CUST_0154,1293.8200000000002,431.27333333333337,3,15,2023-12-02,2025-07-02,69,578,2
CUST_0155,4272.97,534.12125,8,47,2023-12-17,2025-08-02,38,594,0
CUST_0156,5622.7300000000005,1124.546,5,34,2023-10-03,2025-05-05,127,580,0
CUST_0157,5048.38,631.0475,8,55,2023-09-19,2025-03-20,173,548,0
CUST_0158,1342.88,335.72,4,17,2023-11-08,2025-03-02,191,480,2
CUST_0159,13695.9,1369.59,10,80,2023-11-13,2025-09-04,5,661,3
CUST_0160,3937.5000000000005,984.3750000000001,4,12,2024-02-23,2025-08-16,24,540,2
CUST_0161,8035.29,1004.41125,8,52,2023-11-12,2025-04-19,143,524,3
CUST_0162,4925.18,1231.295,4,19,2023-09-10,2025-07-28,43,687,0
CUST_0163,13172.579999999998,1881.7971428571425,7,38,2024-01-21,2025-05-01,131,466,3
CUST_0164,247.92000000000002,123.96000000000001,2,8,2024-06-07,2025-07-21,50,409,2
CUST_0165,4043.73,1010.9325,4,26,2024-02-03,2024-08-04,401,183,1
CUST_0166,6407.59,1281.518,5,25,2023-11-13,2025-03-01,192,474,0
CUST_0167,7974.799999999999,1139.2571428571428,7,51,2023-12-23,2025-08-26,14,612,3
CUST_0168,3165.93,633.1859999999999,5,34,2024-01-26,2025-08-20,20,572,0
CUST_0169,4261.74,1420.58,3,13,2023-12-27,2025-08-31,9,613,2
CUST_0170,6791.59,1131.9316666666666,6,33,2023-09-22,2025-08-02,38,680,0
CUST_0171,8468.15,1411.3583333333333,6,57,2024-02-16,2025-08-11,29,542,0
CUST_0172,7644.960000000001,1911.2400000000002,4,22,2024-05-21,2025-08-21,19,457,0
CUST_0173,6242.13,780.26625,8,50,2023-10-13,2025-03-11,182,515,0
CUST_0174,2646.35,529.27,5,59,2023-09-15,2024-11-23,290,435,1
CUST_0175,5242.12,748.8742857142857,7,63,2024-04-27,2025-07-05,66,434,0
CUST_0176,2276.13,455.226,5,30,2024-03-27,2025-08-19,21,510,2
CUST_0177,2956.85,985.6166666666667,3,15,2023-11-07,2024-05-22,475,197,1
CUST_0178,3757.8,939.45,4,39,2023-11-01,2025-07-21,50,628,2
CUST_0179,2887.71,481.285,6,33,2023-11-23,2025-05-13,119,537,0
CUST_0180,2281.84,570.46,4,27,2024-05-29,2025-03-28,165,303,2
CUST_0181,9824.48,982.448,10,73,2023-09-19,2025-05-13,119,602,3
CUST_0182,1050.07,525.035,2,26,2025-03-21,2025-08-15,25,147,2
CUST_0183,4441.37,740.2283333333334,6,27,2023-09-12,2025-05-23,109,619,0
CUST_0184,3147.6,786.9,4,34,2024-03-12,2025-02-21,200,346,2
CUST_0185,2964.8300000000004,741.2075000000001,4,16,2023-10-13,2025-04-03,159,538,2
CUST_0186,5013.2,835.5333333333333,6,36,2024-08-29,2025-08-03,37,339,0
CUST_0187,4629.29,514.3655555555556,9,73,2024-02-20,2025-04-25,137,430,0
CUST_0188,9535.38,2383.845,4,20,2024-11-01,2025-05-12,120,192,0
CUST_0189,2829.7,943.2333333333332,3,31,2025-01-22,2025-09-05,4,226,2
CUST_0190,9895.53,1649.255,6,35,2023-10-29,2025-07-13,58,623,3
CUST_0191,6206.83,886.6899999999999,7,29,2023-10-31,2025-06-01,100,579,0
CUST_0192,1147.28,573.64,2,9,2025-03-24,2025-06-13,88,81,2
CUST_0193,5195.96,742.28,7,75,2023-11-08,2025-01-11,241,430,0
CUST_0194,670.2700000000001,335.13500000000005,2,18,2023-09-15,2025-01-27,225,500,2
CUST_0195,5937.74,1484.435,4,20,2024-02-02,2025-03-31,162,423,0
CUST_0196,4098.0,683.0,6,50,2023-10-27,2025-06-14,87,596,0
CUST_0197,4602.88,575.36,8,65,2024-01-18,2025-08-27,13,587,0
CUST_0198,5957.37,992.895,6,22,2024-02-26,2025-05-18,114,447,0
CUST_0199,487.88,487.88,1,6,2023-12-08,2023-12-08,641,0,1
CUST_0200,1150.94,575.47,2,12,2024-05-28,2024-07-09,427,42,1
CUST_0201,3406.33,1135.4433333333334,3,5,2023-12-30,2024-04-17,510,109,1
CUST_0202,6722.67,1680.6675,4,14,2023-10-15,2025-09-07,2,693,0
CUST_0203,3571.65,1785.825,2,6,2024-08-18,2025-05-27,105,282,2
CUST_0204,2050.53,512.6325,4,12,2023-09-11,2025-05-12,120,609,2
CUST_0205,2263.81,452.762,5,29,2024-05-11,2024-11-09,304,182,1
CUST_0206,2471.46,823.82,3,23,2024-07-17,2025-03-26,167,252,2
CUST_0207,2949.3,983.1,3,20,2024-02-08,2025-01-26,226,353,2
CUST_0208,1589.3600000000001,317.872,5,33,2023-09-27,2025-08-19,21,692,2
CUST_0209,1317.2900000000002,439.09666666666675,3,13,2023-09-22,2024-08-12,393,325,1
CUST_0210,658.42,658.42,1,5,2025-02-03,2025-02-03,218,0,2
CUST_0211,1699.34,424.835,4,21,2023-11-09,2024-08-14,391,279,1
CUST_0212,13227.77,1322.777,10,45,2023-09-18,2025-06-20,81,641,3
CUST_0213,6412.85,641.2850000000001,10,71,2023-11-26,2025-04-23,139,514,3
CUST_0214,2207.4,441.48,5,32,2024-01-24,2025-08-23,17,577,2
CUST_0215,2326.37,465.274,5,36,2023-10-11,2025-07-18,53,646,2
CUST_0216,2803.05,560.61,5,17,2024-04-11,2025-04-09,153,363,2
CUST_0217,7105.26,1776.315,4,16,2023-10-05,2025-06-26,75,630,0
CUST_0218,2511.02,837.0066666666667,3,21,2024-07-02,2025-08-15,25,409,2
CUST_0219,2975.4300000000003,595.086,5,39,2023-11-16,2025-03-16,177,486,2
CUST_0220,7282.62,2427.54,3,12,2024-02-18,2025-08-16,24,545,0
CUST_0221,4770.34,954.068,5,39,2024-03-31,2025-07-22,49,478,0
CUST_0222,2541.35,635.3375,4,34,2023-09-11,2025-09-07,2,727,2
CUST_0223,662.36,331.18,2,35,2024-05-31,2024-06-06,460,6,1
CUST_0224,6875.9,763.9888888888888,9,46,2023-11-18,2025-08-07,33,628,3
CUST_0225,1537.6299999999999,384.40749999999997,4,15,2025-03-09,2025-08-30,10,174,2
CUST_0226,2163.94,721.3133333333334,3,12,2025-01-15,2025-06-11,90,147,2
CUST_0227,5786.13,826.59,7,30,2024-07-20,2025-03-14,179,237,0
CUST_0228,1122.3200000000002,280.58000000000004,4,25,2024-04-06,2025-01-15,237,284,2
CUST_0229,2868.99,717.2475,4,24,2023-10-15,2025-04-10,152,543,2
CUST_0230,4383.3,876.6600000000001,5,50,2023-09-22,2024-08-17,388,330,1
CUST_0231,2247.77,561.9425,4,34,2023-12-22,2025-06-29,72,555,2
CUST_0232,5606.8099999999995,1868.9366666666665,3,15,2024-04-27,2025-05-22,110,390,2
CUST_0233,3201.91,640.382,5,47,2024-03-17,2025-05-24,108,433,2
CUST_0234,6999.12,1399.824,5,31,2023-10-14,2025-07-08,63,633,0
CUST_0235,5439.96,1813.32,3,17,2024-05-17,2025-08-26,14,466,2
CUST_0236,719.3599999999999,359.67999999999995,2,9,2024-04-10,2025-01-31,221,296,2
CUST_0237,1905.23,635.0766666666667,3,17,2023-11-09,2025-07-20,51,619,2
CUST_0238,2373.26,474.65200000000004,5,33,2024-07-20,2025-07-10,61,355,2
CUST_0239,5816.27,1454.0675,4,16,2024-03-12,2025-08-26,14,532,0
CUST_0240,2869.75,717.4375,4,18,2024-02-09,2025-08-13,27,551,2
CUST_0241,1428.1100000000001,476.0366666666667,3,8,2024-11-26,2025-04-30,132,155,2
CUST_0242,4304.99,614.9985714285714,7,21,2023-11-10,2025-01-12,240,429,0
CUST_0244,1664.42,1664.42,1,10,2025-02-18,2025-02-18,203,0,2
CUST_0245,5253.38,1313.345,4,17,2024-08-31,2025-09-07,2,372,0
CUST_0246,6725.4,1345.08,5,45,2024-03-13,2025-06-22,79,466,0
CUST_0247,3065.4399999999996,613.088,5,33,2023-12-17,2025-05-08,124,508,2
CUST_0248,13396.34,2679.268,5,25,2023-10-13,2025-09-04,5,692,3
CUST_0249,7091.75,1772.9375,4,17,2024-03-10,2025-04-25,137,411,0
CUST_0250,2626.38,656.595,4,28,2023-12-16,2025-08-05,35,598,2
CUST_0251,578.9000000000001,289.45000000000005,2,10,2024-07-10,2024-09-27,347,79,1
CUST_0252,2052.44,342.0733333333333,6,47,2023-11-19,2025-06-30,71,589,0
CUST_0253,6358.65,1589.6625,4,27,2024-01-30,2024-06-18,448,140,1
CUST_0254,5811.650000000001,1452.9125000000001,4,27,2024-02-01,2025-03-04,189,397,0
CUST_0255,10095.96,2523.99,4,14,2023-12-07,2024-05-17,480,162,1
CUST_0256,4459.110000000001,1114.7775000000001,4,18,2023-10-09,2024-11-18,295,406,1
CUST_0257,8364.630000000001,1672.9260000000002,5,32,2024-01-17,2025-06-27,74,527,0
CUST_0258,2681.65,446.94166666666666,6,23,2023-10-13,2024-11-05,308,389,1
CUST_0259,2142.8,714.2666666666668,3,19,2023-10-18,2024-10-25,319,373,1
CUST_0260,1343.06,447.68666666666667,3,35,2024-04-13,2025-02-24,197,317,2
CUST_0261,509.40999999999997,169.8033333333333,3,14,2024-11-22,2025-06-26,75,216,2
CUST_0262,2230.5,446.1,5,15,2023-10-24,2024-10-02,342,344,1
CUST_0263,2701.33,900.4433333333333,3,30,2023-10-15,2025-03-29,164,531,2
CUST_0264,3099.34,619.868,5,36,2024-01-17,2025-07-30,41,560,2
CUST_0265,7575.2699999999995,1262.5449999999998,6,60,2024-05-25,2025-01-22,230,242,0
CUST_0266,3087.81,441.11571428571426,7,55,2023-10-10,2024-09-13,361,339,1
CUST_0267,2372.78,790.9266666666667,3,14,2024-08-02,2025-03-06,187,216,2
CUST_0268,5134.42,641.8025,8,41,2023-09-16,2025-06-07,94,630,0
CUST_0269,5298.51,756.9300000000001,7,46,2023-10-05,2025-09-05,4,701,0
CUST_0270,5530.07,691.25875,8,47,2023-10-27,2025-02-21,200,483,0
CUST_0271,3255.65,813.9125,4,29,2023-11-30,2025-03-31,162,487,2
CUST_0272,4047.4300000000003,809.4860000000001,5,26,2024-07-09,2025-06-04,97,330,0
CUST_0273,832.63,166.526,5,19,2023-11-30,2025-08-25,15,634,2
CUST_0274,2916.2,729.05,4,40,2024-03-30,2025-02-09,212,316,2
CUST_0275,6492.52,1082.0866666666668,6,31,2023-09-22,2025-06-27,74,644,0
CUST_0276,3639.08,606.5133333333333,6,49,2023-12-12,2025-03-11,182,455,0
CUST_0277,4857.18,1214.295,4,27,2023-10-15,2025-03-28,165,530,2
CUST_0278,7278.0,1039.7142857142858,7,34,2024-01-04,2025-08-26,14,600,0
CUST_0279,9997.95,1428.2785714285715,7,47,2023-10-08,2025-06-12,89,613,3
CUST_0280,6379.2,1063.2,6,37,2023-11-02,2025-09-03,6,671,0
CUST_0281,942.95,314.31666666666666,3,28,2024-04-18,2025-02-27,194,315,2
CUST_0282,5256.9400000000005,1314.2350000000001,4,13,2023-11-11,2025-05-17,115,553,0
CUST_0283,2933.81,488.9683333333333,6,36,2024-05-02,2025-08-16,24,471,0
CUST_0284,843.4100000000001,210.85250000000002,4,9,2024-01-03,2025-05-29,103,512,2
CUST_0285,3969.57,793.914,5,35,2024-04-12,2025-07-04,67,448,0
CUST_0286,1557.82,519.2733333333333,3,25,2023-10-13,2023-12-31,618,79,1
CUST_0287,11696.81,1299.6455555555556,9,40,2024-03-07,2025-07-27,44,507,3
CUST_0288,5509.74,787.1057142857143,7,23,2023-10-11,2025-05-01,131,568,0
CUST_0289,4803.16,1601.0533333333333,3,28,2023-09-18,2024-10-03,341,381,1
CUST_0290,2056.1,411.21999999999997,5,18,2024-02-28,2025-07-21,50,509,2
CUST_0291,5420.639999999999,542.064,10,69,2023-10-28,2025-05-08,124,558,3
CUST_0292,4335.43,722.5716666666667,6,26,2023-10-02,2024-10-11,333,375,1
CUST_0293,6029.79,1507.4475,4,30,2023-10-10,2025-02-05,216,484,0
CUST_0294,2430.0099999999998,405.0016666666666,6,29,2024-05-11,2025-01-14,238,248,0
CUST_0295,4335.29,1083.8225,4,21,2023-10-31,2025-04-04,158,521,2
CUST_0296,2549.0,637.25,4,26,2024-06-02,2024-12-12,271,193,1
CUST_0297,1316.68,329.17,4,13,2024-01-27,2025-07-02,69,522,2
CUST_0298,9246.99,1155.87375,8,75,2023-10-13,2025-08-30,10,687,3
CUST_0299,4076.1699999999996,1019.0424999999999,4,25,2024-03-26,2025-03-26,167,365,2
CUST_0300,1329.07,443.0233333333333,3,17,2023-12-28,2025-03-30,163,458,2
CUST_0301,5327.5199999999995,1065.504,5,27,2024-02-26,2024-10-01,343,218,1
CUST_0302,3075.5099999999998,512.5849999999999,6,25,2023-11-24,2025-07-21,50,605,0
CUST_0303,6235.42,692.8244444444445,9,37,2024-06-05,2025-08-05,35,426,3
CUST_0304,6642.47,830.30875,8,38,2024-06-21,2025-07-26,45,400,0
CUST_0305,2469.26,493.85200000000003,5,16,2023-11-28,2025-06-16,85,566,2
CUST_0306,8791.18,1758.236,5,35,2023-11-14,2025-06-12,89,576,0
CUST_0307,7311.71,731.171,10,79,2023-09-17,2025-06-29,72,651,3
CUST_0308,5151.65,858.6083333333332,6,45,2023-11-01,2025-09-06,3,675,0
CUST_0309,6179.19,2059.73,3,26,2024-01-02,2025-06-27,74,542,2
CUST_0310,2321.96,580.49,4,10,2023-10-04,2025-07-14,57,649,2
CUST_0311,7766.33,970.79125,8,45,2023-10-07,2025-07-19,52,651,3
CUST_0312,2773.26,693.315,4,35,2024-05-13,2025-01-06,246,238,2
CUST_0313,287.51,95.83666666666666,3,5,2023-12-21,2024-07-28,408,220,1
CUST_0314,8457.38,1409.5633333333333,6,50,2024-01-17,2025-08-21,19,582,0
CUST_0315,5294.54,756.3628571428571,7,42,2023-09-30,2025-09-07,2,708,0
CUST_0316,10734.14,1341.7675,8,60,2023-09-30,2025-06-27,74,636,3
CUST_0317,11447.84,1635.4057142857143,7,38,2024-05-31,2025-06-27,74,392,3
CUST_0318,2902.36,580.472,5,19,2023-11-03,2024-03-30,528,148,1
CUST_0319,10610.63,1178.9588888888889,9,55,2023-11-28,2025-07-24,47,604,3
CUST_0320,4582.25,763.7083333333334,6,35,2023-09-12,2024-08-17,388,340,1
CUST_0321,3826.8199999999997,765.3639999999999,5,28,2024-01-22,2025-08-18,22,574,0
CUST_0322,3689.78,1229.9266666666667,3,19,2023-09-16,2025-08-10,30,694,2
CUST_0323,11014.84,1835.8066666666666,6,33,2023-10-25,2025-08-28,12,673,3
CUST_0324,1684.69,561.5633333333334,3,10,2024-12-17,2025-08-22,18,248,2
CUST_0325,3180.97,795.2425,4,62,2023-12-14,2025-08-29,11,624,2
CUST_0326,2348.41,587.1025,4,50,2024-06-20,2025-02-01,220,226,2
CUST_0327,1196.68,398.8933333333334,3,33,2025-03-22,2025-04-12,150,21,2
CUST_0328,1741.41,1741.41,1,4,2024-03-19,2024-03-19,539,0,1
CUST_0329,3758.87,939.7175,4,36,2024-06-29,2025-06-19,82,355,2
CUST_0330,5742.29,820.3271428571428,7,45,2023-10-25,2025-02-05,216,469,0
CUST_0331,5140.12,856.6866666666666,6,19,2024-02-08,2025-08-19,21,558,0
CUST_0332,6687.08,1337.416,5,33,2023-12-19,2024-09-26,348,282,1
CUST_0333,10356.449999999999,941.4954545454544,11,65,2023-09-28,2025-08-28,12,700,3
CUST_0334,2538.97,846.3233333333333,3,29,2023-10-23,2025-02-06,215,472,2
CUST_0335,3367.86,1122.6200000000001,3,12,2024-01-14,2024-07-10,426,178,1
CUST_0336,1291.5400000000002,322.88500000000005,4,16,2023-10-22,2025-08-14,26,662,2
CUST_0337,6666.86,1333.3719999999998,5,25,2023-09-20,2025-08-12,28,692,0
CUST_0338,1816.02,605.34,3,21,2024-09-06,2025-02-05,216,152,2
CUST_0339,7031.360000000001,3515.6800000000003,2,12,2023-12-08,2025-03-26,167,474,2
CUST_0340,4076.3900000000003,815.278,5,28,2023-11-04,2025-08-20,20,655,0
CUST_0341,5228.73,746.9614285714285,7,42,2023-10-21,2025-03-22,171,518,0
CUST_0342,3015.1,1005.0333333333333,3,14,2023-10-07,2024-11-25,288,415,1
CUST_0343,3868.33,773.6659999999999,5,30,2023-10-26,2025-01-31,221,463,2
CUST_0344,4284.83,856.966,5,25,2023-10-12,2025-08-11,29,669,0
CUST_0345,6800.25,1133.375,6,21,2023-12-25,2025-06-03,98,526,0
CUST_0346,5712.79,1428.1975,4,19,2023-09-15,2025-07-22,49,676,0
CUST_0347,4905.42,981.0840000000001,5,18,2023-12-19,2025-07-31,40,590,0
CUST_0349,3184.09,1061.3633333333335,3,25,2023-10-19,2025-08-09,31,660,2
CUST_0350,1447.4099999999999,723.7049999999999,2,9,2024-04-11,2025-01-30,222,294,2
CUST_0351,1557.17,519.0566666666667,3,11,2024-10-13,2025-07-12,59,272,2
CUST_0352,5781.48,722.685,8,50,2023-10-28,2025-08-17,23,659,0
CUST_0353,8589.9,1227.1285714285714,7,43,2024-01-09,2025-03-20,173,436,3
CUST_0354,7031.03,1757.7575,4,14,2023-09-22,2025-08-12,28,690,0
CUST_0355,5145.9400000000005,1286.4850000000001,4,29,2023-10-17,2024-10-12,332,361,1
CUST_0356,1853.92,370.784,5,23,2023-09-20,2025-07-22,49,671,2
CUST_0357,5792.48,643.6088888888888,9,72,2024-02-01,2025-03-18,175,411,0
CUST_0358,5583.27,1861.0900000000001,3,28,2023-09-13,2025-06-25,76,651,2
CUST_0359,10326.460000000001,1721.0766666666668,6,30,2023-09-16,2025-08-23,17,707,3
CUST_0360,10035.050000000001,912.2772727272728,11,85,2023-09-11,2025-04-21,141,588,3
CUST_0361,210.74,105.37,2,20,2024-08-12,2025-01-20,232,161,2
CUST_0362,3815.2000000000003,763.0400000000001,5,46,2023-12-07,2025-08-11,29,613,0
CUST_0363,4599.8,1149.95,4,29,2024-05-08,2025-04-13,149,340,2
CUST_0364,7236.62,804.0688888888889,9,63,2023-10-08,2025-05-07,125,577,3
CUST_0365,2119.49,706.4966666666666,3,35,2024-11-22,2025-05-16,116,175,2
CUST_0366,4924.98,820.8299999999999,6,51,2023-10-12,2025-05-22,110,588,0
CUST_0367,4017.79,1004.4475,4,26,2023-12-03,2024-05-16,481,165,1
CUST_0368,4430.17,1476.7233333333334,3,13,2023-09-22,2025-08-19,21,697,2
CUST_0369,14772.36,1342.9418181818182,11,57,2023-12-23,2025-07-04,67,559,3
CUST_0370,5223.77,652.97125,8,44,2024-01-27,2025-01-27,225,366,0
CUST_0371,2640.75,528.15,5,43,2023-10-22,2025-05-07,125,563,2
CUST_0372,2953.71,984.57,3,21,2024-01-09,2025-08-26,14,595,2
CUST_0373,14231.67,2033.0957142857144,7,31,2023-10-01,2025-05-14,118,591,3
CUST_0374,17487.78,2498.2542857142857,7,38,2023-09-20,2025-01-02,250,470,3
CUST_0375,7069.5599999999995,1413.9119999999998,5,25,2024-06-07,2025-06-29,72,387,0
CUST_0376,939.18,939.18,1,5,2023-11-13,2023-11-13,666,0,1
CUST_0377,9776.060000000001,1955.2120000000002,5,22,2024-02-11,2025-08-17,23,553,3
CUST_0378,1379.56,275.912,5,29,2024-06-04,2025-05-10,122,340,2
CUST_0379,8858.47,1476.4116666666666,6,25,2024-04-12,2025-08-14,26,489,3
CUST_0380,3383.44,563.9066666666666,6,50,2023-09-27,2025-07-30,41,672,0
CUST_0381,962.49,320.83,3,19,2023-12-28,2024-12-17,266,355,1
CUST_0382,3619.23,603.205,6,48,2023-09-17,2025-04-11,151,572,0
CUST_0383,5156.17,644.52125,8,61,2023-10-03,2025-06-27,74,633,0
CUST_0384,2690.99,538.198,5,45,2023-12-26,2024-09-18,356,267,1
CUST_0385,6635.52,1658.88,4,21,2024-07-25,2025-06-11,90,321,0
CUST_0386,1866.66,466.665,4,29,2024-02-17,2025-05-09,123,447,2
CUST_0387,2265.63,377.605,6,34,2024-09-27,2025-04-20,142,205,0
CUST_0388,11089.869999999999,1584.2671428571427,7,36,2023-09-18,2025-08-19,21,701,3
CUST_0389,5782.219999999999,1445.5549999999998,4,30,2023-10-23,2025-03-27,166,521,0
CUST_0390,9616.26,1373.7514285714285,7,43,2023-11-17,2025-08-27,13,649,3
CUST_0391,6744.86,749.4288888888889,9,71,2023-09-28,2025-08-19,21,691,3
CUST_0392,6927.0599999999995,989.5799999999999,7,46,2023-09-26,2024-12-04,279,435,0
CUST_0393,1589.79,397.4475,4,13,2024-11-27,2025-09-07,2,284,2
CUST_0394,16887.34,1688.734,10,39,2023-10-08,2025-08-06,34,668,3
CUST_0395,6881.82,1376.364,5,48,2023-12-22,2024-12-31,252,375,0
CUST_0396,10427.279999999999,802.0984615384615,13,62,2024-02-07,2025-08-26,14,566,3
CUST_0397,6498.780000000001,1083.13,6,40,2023-11-03,2025-07-30,41,635,0
CUST_0398,2176.38,544.095,4,42,2024-03-18,2025-06-01,100,440,2
CUST_0399,1569.74,523.2466666666667,3,15,2024-10-29,2025-07-18,53,262,2
CUST_0400,4572.35,914.47,5,24,2023-09-25,2025-07-13,58,657,0
CUST_0401,6076.87,1012.8116666666666,6,51,2023-09-14,2024-12-15,268,458,0
CUST_0402,13661.869999999999,1366.187,10,52,2023-10-15,2025-08-13,27,668,3
CUST_0403,5711.26,815.8942857142857,7,45,2023-11-04,2025-03-26,167,508,0
CUST_0404,1831.8400000000001,915.9200000000001,2,20,2024-02-05,2024-10-19,325,257,1
CUST_0405,3035.1099999999997,607.0219999999999,5,31,2024-09-19,2025-07-13,58,297,2
CUST_0406,4217.34,602.4771428571429,7,40,2023-10-03,2025-06-11,90,617,0
CUST_0407,1286.6499999999999,428.88333333333327,3,11,2024-01-29,2025-03-25,168,421,2
CUST_0408,4169.59,694.9316666666667,6,38,2024-04-05,2025-08-13,27,495,0
CUST_0409,2200.82,440.16400000000004,5,43,2024-05-06,2025-08-30,10,481,2
CUST_0410,522.85,174.28333333333333,3,23,2024-08-06,2025-03-21,172,227,2
CUST_0411,3254.8999999999996,813.7249999999999,4,39,2023-09-19,2025-08-05,35,686,2
CUST_0412,7759.3099999999995,969.9137499999999,8,36,2024-01-14,2025-08-28,12,592,3
CUST_0414,4017.69,803.538,5,44,2023-12-20,2025-04-29,133,496,0
CUST_0415,4502.63,750.4383333333334,6,34,2024-01-14,2025-08-03,37,567,0
CUST_0416,3491.87,581.9783333333334,6,32,2023-11-23,2024-12-17,266,390,0
CUST_0417,4901.349999999999,700.1928571428571,7,22,2023-10-14,2025-03-04,189,507,0
CUST_0418,6526.169999999999,2175.39,3,15,2024-10-30,2025-05-02,130,184,2
CUST_0419,1207.6100000000001,402.5366666666667,3,24,2024-02-04,2025-05-04,128,455,2
CUST_0420,9424.67,1346.3814285714286,7,54,2023-12-23,2025-04-16,146,480,3
CUST_0421,9631.199999999999,4815.599999999999,2,19,2023-12-28,2024-06-22,444,177,1
CUST_0422,675.96,337.98,2,13,2024-01-23,2024-03-26,532,63,1
CUST_0423,6821.57,1136.9283333333333,6,17,2023-11-24,2025-08-07,33,622,0
CUST_0424,177.53,88.765,2,2,2024-05-18,2025-03-01,192,287,2
CUST_0425,13245.32,1655.665,8,60,2023-12-31,2025-09-05,4,614,3
CUST_0426,2684.7200000000003,671.1800000000001,4,21,2024-05-17,2025-09-04,5,475,2
CUST_0427,6531.0,1306.2,5,36,2024-01-21,2025-06-05,96,501,0
CUST_0428,1980.4700000000003,396.09400000000005,5,46,2023-12-11,2025-07-23,48,590,2
CUST_0429,4309.4,615.6285714285714,7,77,2023-09-18,2025-09-02,7,715,0
CUST_0430,10582.02,1763.67,6,25,2024-04-02,2025-07-11,60,465,3
CUST_0431,2638.2,1319.1,2,17,2023-12-25,2024-02-28,559,65,1
CUST_0432,2649.3199999999997,662.3299999999999,4,17,2024-01-23,2024-04-12,515,80,1
CUST_0433,14225.04,2032.1485714285716,7,37,2023-09-11,2025-06-13,88,641,3
CUST_0434,7277.57,1455.514,5,32,2023-12-27,2025-04-09,153,469,0
CUST_0435,5198.77,1732.9233333333334,3,12,2024-04-20,2024-11-17,296,211,1
CUST_0436,3917.1499999999996,979.2874999999999,4,15,2023-12-26,2025-04-07,155,468,2
CUST_0437,13440.79,1680.09875,8,54,2023-09-25,2025-08-05,35,680,3
CUST_0438,7336.24,1467.248,5,25,2023-12-12,2025-08-02,38,599,0
CUST_0439,5263.36,877.2266666666666,6,55,2023-10-20,2025-05-27,105,585,0
CUST_0440,1922.8500000000001,480.71250000000003,4,19,2024-05-26,2025-08-10,30,441,2
CUST_0441,6646.88,1661.72,4,12,2023-09-28,2025-05-10,122,590,0
CUST_0442,7270.89,2423.63,3,12,2024-02-14,2025-03-06,187,386,0
CUST_0443,1852.0900000000001,617.3633333333333,3,26,2024-05-11,2025-07-31,40,446,2
CUST_0444,123.13,61.565,2,4,2024-08-27,2024-09-15,359,19,1
CUST_0445,2863.5299999999997,409.07571428571424,7,55,2024-03-03,2025-06-19,82,473,0
CUST_0446,2430.16,810.0533333333333,3,21,2024-04-30,2025-04-29,133,364,2
CUST_0447,9969.3,1424.185714285714,7,26,2024-01-12,2025-04-25,137,469,3
CUST_0448,393.39,196.695,2,8,2025-04-16,2025-04-20,142,4,2
CUST_0449,3865.7499999999995,773.1499999999999,5,22,2023-10-11,2025-04-03,159,540,0
CUST_0450,2006.6000000000001,668.8666666666667,3,10,2023-10-13,2025-07-03,68,629,2
CUST_0451,5103.91,1275.9775,4,20,2023-10-10,2024-08-03,402,298,1
CUST_0452,11150.6,1238.9555555555555,9,59,2024-03-20,2025-06-27,74,464,3
CUST_0453,6962.67,1160.445,6,31,2024-01-13,2025-08-29,11,594,0
CUST_0454,9224.47,1024.941111111111,9,48,2023-11-19,2025-03-02,191,469,3
CUST_0455,3125.88,781.47,4,36,2023-12-20,2025-06-04,97,532,2
CUST_0456,9994.14,1998.828,5,20,2023-12-17,2025-03-27,166,466,3
CUST_0457,1524.8700000000001,381.21750000000003,4,33,2024-01-06,2024-04-12,515,97,1
CUST_0458,4265.16,533.145,8,30,2023-12-06,2025-02-11,210,433,0
CUST_0459,3979.9500000000003,568.5642857142858,7,63,2024-04-26,2025-07-20,51,450,0
CUST_0460,2286.89,571.7225,4,29,2023-12-02,2025-06-26,75,572,2
CUST_0461,1155.77,385.25666666666666,3,23,2024-02-01,2024-05-04,493,93,1
CUST_0462,604.71,302.355,2,6,2024-02-29,2024-07-18,418,140,1
CUST_0463,1834.79,366.95799999999997,5,25,2024-03-28,2025-07-18,53,477,2
CUST_0464,844.3000000000001,422.15000000000003,2,8,2025-06-22,2025-08-01,39,40,2
CUST_0465,3569.88,594.98,6,35,2023-12-28,2025-08-27,13,608,0
CUST_0466,6837.62,976.8028571428571,7,42,2023-10-07,2025-08-04,36,667,0
CUST_0467,1201.93,400.6433333333334,3,21,2025-03-01,2025-06-27,74,118,2
CUST_0468,5954.31,1488.5775,4,21,2023-09-24,2025-01-28,224,492,0
CUST_0469,1478.17,295.634,5,27,2024-07-15,2025-08-05,35,386,2
CUST_0470,11408.380000000001,2852.0950000000003,4,27,2023-11-30,2025-02-15,206,443,3
CUST_0471,2992.96,498.82666666666665,6,39,2024-03-27,2025-06-21,80,451,0
CUST_0472,4408.76,1102.19,4,38,2024-02-24,2025-02-01,220,343,2
CUST_0473,4802.57,960.5139999999999,5,29,2023-11-15,2025-08-19,21,643,0
CUST_0474,6832.7,1366.54,5,40,2023-11-11,2025-09-04,5,663,0
CUST_0475,4000.4300000000003,800.086,5,44,2023-12-01,2024-12-28,255,393,0
CUST_0476,1422.16,711.08,2,10,2023-12-17,2024-04-05,522,110,1
CUST_0477,7797.3099999999995,1949.3274999999999,4,50,2023-10-03,2025-08-21,19,688,0
CUST_0478,2929.36,585.8720000000001,5,47,2023-10-06,2025-03-26,167,537,2
CUST_0479,16167.02,1616.702,10,57,2023-12-18,2025-02-16,205,426,3
CUST_0480,4626.03,514.0033333333333,9,33,2023-11-22,2025-07-04,67,590,0
CUST_0481,3437.09,1145.6966666666667,3,28,2023-11-29,2025-02-18,203,447,2
CUST_0482,6975.4,1162.5666666666666,6,22,2023-12-13,2025-06-02,99,537,0
CUST_0483,1748.8899999999999,874.4449999999999,2,13,2025-03-07,2025-06-01,100,86,2
CUST_0484,1515.06,505.02,3,9,2024-02-18,2025-03-08,185,384,2
CUST_0485,3824.59,1274.8633333333335,3,15,2024-05-15,2025-01-31,221,261,2
CUST_0486,8135.13,2033.7825,4,31,2023-10-19,2025-05-29,103,588,0
CUST_0487,3607.2699999999995,721.454,5,16,2023-11-23,2025-05-29,103,553,0
CUST_0488,5414.97,902.495,6,27,2023-10-20,2025-09-06,3,687,0
CUST_0489,2104.94,526.235,4,24,2024-04-21,2025-09-01,8,498,2
CUST_0490,3321.72,1107.24,3,21,2024-01-30,2025-04-21,141,447,2
CUST_0491,3116.38,1558.19,2,5,2023-09-16,2024-11-19,294,430,1
CUST_0492,2220.83,444.166,5,32,2024-07-05,2025-06-13,88,343,2
CUST_0493,6443.89,1610.9725,4,22,2023-09-10,2025-08-28,12,718,0
CUST_0494,8171.49,680.9575,12,71,2023-09-15,2025-08-01,39,686,3
CUST_0495,950.19,950.19,1,7,2025-03-02,2025-03-02,191,0,2
CUST_0496,2672.1,668.025,4,26,2023-11-04,2025-07-19,52,623,2
CUST_0497,3323.71,664.742,5,28,2024-03-29,2025-08-14,26,503,0
CUST_0498,353.40999999999997,176.70499999999998,2,5,2024-01-31,2025-01-24,228,359,2
CUST_0499,6212.92,6212.92,1,5,2023-09-12,2023-09-12,728,0,1
CUST_0500,14322.32,1432.232,10,52,2023-11-25,2025-06-21,80,574,3
CUST_0501,8991.89,2997.2966666666666,3,10,2023-10-03,2025-02-02,219,488,0
CUST_0502,3039.7200000000003,1013.2400000000001,3,38,2024-09-29,2025-08-02,38,307,2
CUST_0503,3804.3,951.075,4,19,2024-01-20,2025-06-12,89,509,2
CUST_0504,2766.6,691.65,4,33,2023-12-16,2024-09-19,355,278,1
CUST_0505,5113.58,852.2633333333333,6,44,2023-10-06,2025-07-15,56,648,0
CUST_0506,11532.34,1441.5425,8,37,2023-11-03,2025-03-17,176,500,3
CUST_0507,3088.75,514.7916666666666,6,47,2023-11-21,2025-04-10,152,506,0
CUST_0508,4405.15,734.1916666666666,6,34,2024-05-12,2025-08-19,21,464,0
CUST_0509,2810.62,936.8733333333333,3,13,2024-06-16,2025-05-24,108,342,2
CUST_0510,4465.14,744.19,6,52,2024-04-25,2025-04-06,156,346,0
CUST_0511,2964.76,494.1266666666667,6,36,2023-10-05,2025-07-16,55,650,0
CUST_0512,4122.31,687.0516666666667,6,37,2023-09-20,2025-08-18,22,698,0
CUST_0513,4736.7,789.4499999999999,6,43,2024-04-04,2025-03-29,164,359,0
CUST_0514,1061.74,530.87,2,16,2023-10-22,2025-08-01,39,649,2
CUST_0515,1976.5,395.3,5,22,2023-09-23,2025-07-10,61,656,2
CUST_0516,3820.08,545.7257142857143,7,47,2024-08-16,2025-08-13,27,362,0
CUST_0517,1894.3,473.575,4,23,2024-08-09,2025-07-04,67,329,2
CUST_0518,4759.82,951.9639999999999,5,29,2024-07-25,2025-07-02,69,342,0
CUST_0519,2237.96,559.49,4,37,2023-11-15,2025-03-24,169,495,2
CUST_0520,2268.43,453.686,5,16,2024-05-15,2025-08-22,18,464,2
CUST_0521,2132.32,426.46400000000006,5,41,2024-01-17,2025-05-27,105,496,2
CUST_0522,4937.62,1645.8733333333332,3,17,2023-12-17,2025-07-26,45,587,2
CUST_0523,1493.78,746.89,2,18,2024-03-29,2024-10-10,334,195,1
CUST_0524,3859.89,551.4128571428571,7,61,2024-01-07,2025-06-22,79,532,0
CUST_0525,987.0500000000001,246.76250000000002,4,10,2024-03-23,2025-06-15,86,449,2
CUST_0526,8102.05,1620.41,5,20,2024-02-09,2025-03-14,179,399,0
CUST_0527,5252.25,1050.45,5,17,2024-02-24,2024-10-26,318,245,1
CUST_0528,10883.58,1209.2866666666666,9,39,2024-01-19,2025-05-10,122,477,3
CUST_0529,913.49,456.745,2,14,2023-09-21,2024-03-01,557,162,1
CUST_0530,10779.87,1539.9814285714288,7,20,2023-09-15,2025-06-20,81,644,3
CUST_0531,4996.32,999.2639999999999,5,46,2023-10-28,2025-03-13,180,502,0
CUST_0532,3844.11,768.822,5,22,2023-12-05,2025-06-27,74,570,0
CUST_0533,3898.51,779.702,5,23,2023-12-07,2025-04-19,143,499,0
CUST_0534,1090.22,545.11,2,25,2024-11-01,2025-03-31,162,150,2
CUST_0535,866.55,173.31,5,31,2024-01-04,2025-08-11,29,585,2
CUST_0536,7704.87,2568.29,3,13,2025-01-06,2025-08-11,29,217,0
CUST_0537,8682.51,1736.502,5,26,2025-03-10,2025-08-12,28,155,0
CUST_0538,5901.92,843.1314285714286,7,91,2023-12-22,2025-08-10,30,597,0
CUST_0539,1321.96,440.65333333333336,3,5,2024-01-02,2025-05-20,112,504,2
CUST_0540,5317.87,1772.6233333333332,3,21,2024-02-23,2025-08-29,11,553,2
CUST_0541,353.77,353.77,1,18,2025-07-22,2025-07-22,49,0,2
CUST_0542,10526.43,1754.405,6,30,2024-03-01,2025-08-27,13,544,3
CUST_0543,15840.2,2640.0333333333333,6,20,2023-10-26,2025-08-07,33,651,3
CUST_0544,4577.28,1144.32,4,18,2024-03-05,2025-06-05,96,457,2
CUST_0545,4452.27,1113.0675,4,25,2023-10-04,2025-02-08,213,493,2
CUST_0546,1593.5300000000002,398.38250000000005,4,52,2024-10-24,2025-04-25,137,183,2
CUST_0547,3411.87,568.645,6,49,2024-05-08,2025-06-07,94,395,0
CUST_0548,3422.14,570.3566666666667,6,27,2023-10-08,2025-08-13,27,675,0
CUST_0549,7854.99,1309.165,6,36,2023-10-18,2025-03-03,190,502,0
CUST_0550,6215.9400000000005,1243.188,5,40,2024-01-27,2025-01-10,242,349,0
CUST_0551,2694.96,538.992,5,16,2024-02-29,2025-03-16,177,381,2
CUST_0552,4099.75,585.6785714285714,7,35,2024-03-09,2025-07-03,68,481,0
CUST_0553,13346.19,1906.5985714285714,7,57,2023-10-15,2025-03-08,185,510,3
CUST_0554,5634.0599999999995,704.2574999999999,8,49,2024-01-18,2025-03-30,163,437,0
CUST_0555,1624.04,812.02,2,4,2024-04-04,2025-07-27,44,479,2
CUST_0556,478.46,478.46,1,1,2025-06-15,2025-06-15,86,0,2
CUST_0557,949.8499999999999,474.92499999999995,2,9,2024-06-26,2025-02-26,195,245,2
CUST_0558,4453.2699999999995,636.1814285714285,7,24,2023-11-29,2025-06-09,92,558,0
CUST_0559,3177.1,794.275,4,21,2023-11-14,2025-02-05,216,449,2
CUST_0560,9591.710000000001,1198.9637500000001,8,65,2023-10-14,2025-04-26,136,560,3
CUST_0561,8911.25,1782.25,5,42,2024-04-16,2025-07-08,63,448,0
CUST_0562,7913.01,1582.602,5,21,2023-12-11,2025-03-03,190,448,0
CUST_0563,2288.23,572.0575,4,29,2024-02-16,2025-08-18,22,549,2
CUST_0564,4167.58,595.3685714285714,7,44,2023-10-26,2025-05-31,101,583,0
CUST_0565,3355.35,838.8375,4,16,2023-10-31,2025-06-09,92,587,2
CUST_0566,5542.610000000001,1385.6525000000001,4,13,2023-12-20,2025-07-13,58,571,0
CUST_0567,5009.53,715.6471428571429,7,36,2023-12-28,2025-06-27,74,547,0
CUST_0568,5958.6,851.2285714285715,7,62,2024-01-04,2025-08-31,9,605,0
CUST_0569,2356.4700000000003,589.1175000000001,4,37,2023-09-10,2025-08-13,27,703,2
CUST_0570,8494.02,1698.804,5,25,2023-12-12,2025-04-07,155,482,0
CUST_0571,5887.58,1177.516,5,18,2023-12-20,2024-08-02,403,226,1
CUST_0572,2545.3999999999996,636.3499999999999,4,45,2023-09-19,2024-12-13,270,451,1
CUST_0573,8235.52,823.552,10,81,2023-10-08,2025-07-28,43,659,3
CUST_0574,7211.45,721.145,10,59,2023-09-14,2024-09-24,350,376,3
CUST_0575,3198.06,399.7575,8,57,2023-11-19,2025-06-23,78,582,0
CUST_0576,5717.4,714.675,8,43,2024-06-25,2025-08-24,16,425,0
CUST_0577,6431.41,1071.9016666666666,6,40,2024-02-09,2025-08-27,13,565,0
CUST_0578,5519.43,919.9050000000001,6,62,2023-11-16,2025-06-26,75,588,0
CUST_0579,432.77000000000004,216.38500000000002,2,17,2024-04-09,2025-07-24,47,471,2
CUST_0580,11888.720000000001,1320.968888888889,9,82,2024-01-03,2025-08-15,25,590,3
CUST_0581,1920.18,960.09,2,14,2023-12-03,2024-10-23,321,325,1
CUST_0582,4404.07,550.50875,8,53,2023-11-03,2025-04-11,151,525,0
CUST_0583,6397.72,639.772,10,44,2023-09-12,2025-07-16,55,673,3
CUST_0584,7819.33,781.933,10,59,2023-12-06,2025-09-03,6,637,3
CUST_0585,2617.94,654.485,4,26,2023-11-05,2025-02-11,210,464,2
CUST_0586,2337.41,779.1366666666667,3,28,2024-02-24,2025-07-26,45,518,2
CUST_0587,7583.58,1516.716,5,19,2024-03-14,2025-08-15,25,519,0
CUST_0588,14.74,14.74,1,1,2025-02-21,2025-02-21,200,0,2
CUST_0589,3792.4,421.3777777777778,9,52,2023-09-29,2025-09-07,2,709,0
CUST_0590,1616.15,404.0375,4,24,2023-09-28,2024-11-11,302,410,1
CUST_0591,1228.99,307.2475,4,32,2023-11-26,2025-04-22,140,513,2
CUST_0592,10293.39,2058.678,5,22,2024-01-27,2025-08-09,31,560,3
CUST_0593,2653.43,884.4766666666666,3,16,2023-12-15,2025-06-07,94,540,2
CUST_0594,12219.32,2443.864,5,20,2023-11-30,2025-05-22,110,539,3
CUST_0595,6127.06,1021.1766666666667,6,23,2024-02-20,2025-04-29,133,434,0
CUST_0596,4654.3099999999995,664.9014285714285,7,33,2023-10-03,2025-06-25,76,631,0
CUST_0597,4350.53,725.0883333333333,6,63,2024-01-02,2025-07-16,55,561,0
CUST_0598,3558.15,593.025,6,19,2024-06-02,2025-08-17,23,441,0
CUST_0599,2374.04,474.808,5,29,2023-10-30,2024-10-15,329,351,1
CUST_0600,939.1899999999999,469.59499999999997,2,18,2024-11-03,2025-03-28,165,145,2
CUST_0601,4086.44,681.0733333333334,6,28,2023-12-21,2025-06-08,93,535,0
CUST_0602,3352.6299999999997,838.1574999999999,4,19,2024-03-19,2025-06-19,82,457,2
CUST_0603,3097.2,619.4399999999999,5,16,2023-12-05,2024-09-25,349,295,1
CUST_0604,7627.27,1271.2116666666668,6,42,2023-11-15,2025-08-05,35,629,0
CUST_0605,4657.68,1164.42,4,23,2024-01-14,2025-02-05,216,388,2
CUST_0606,3108.1099999999997,621.622,5,42,2023-10-02,2025-08-21,19,689,0
CUST_0607,2298.98,459.796,5,28,2023-11-25,2025-07-10,61,593,2
CUST_0608,3125.03,520.8383333333334,6,39,2023-09-28,2025-07-16,55,657,0
CUST_0609,2999.9900000000002,599.998,5,31,2024-04-02,2025-05-10,122,403,2
CUST_0610,4012.2999999999997,802.4599999999999,5,28,2023-09-24,2025-08-25,15,701,0
CUST_0611,1913.21,478.3025,4,27,2023-09-16,2025-08-21,19,705,2
CUST_0612,5291.13,881.855,6,48,2023-11-07,2025-03-08,185,487,0
CUST_0613,5825.13,832.1614285714286,7,29,2023-09-16,2025-06-08,93,631,0
CUST_0614,5957.04,992.84,6,36,2024-01-01,2025-08-18,22,595,0
CUST_0615,6179.01,1029.835,6,29,2024-03-03,2025-09-03,6,549,0
CUST_0616,1137.1399999999999,568.5699999999999,2,4,2025-04-25,2025-06-05,96,41,2
CUST_0617,3346.8,669.36,5,28,2023-11-23,2025-01-11,241,415,2
CUST_0618,8298.75,922.0833333333334,9,64,2024-01-26,2025-07-03,68,524,3
CUST_0619,2829.89,404.27,7,32,2023-10-03,2025-06-28,73,634,0
CUST_0620,2983.92,497.32,6,27,2023-12-21,2025-01-25,227,401,0
CUST_0621,569.78,189.92666666666665,3,26,2025-01-20,2025-06-26,75,157,2
CUST_0622,5699.5199999999995,949.92,6,52,2023-12-12,2025-08-18,22,615,0
CUST_0623,8976.920000000002,2244.2300000000005,4,27,2024-07-17,2025-03-31,162,257,0
CUST_0624,3824.24,956.06,4,36,2024-02-14,2024-12-10,273,300,1
CUST_0625,6339.41,792.42625,8,48,2023-10-27,2025-05-12,120,563,0
CUST_0626,340.6,170.3,2,8,2024-04-23,2024-11-02,311,193,1
CUST_0627,11865.18,1695.0257142857142,7,46,2024-04-03,2025-08-23,17,507,3
CUST_0628,12574.880000000001,2095.8133333333335,6,28,2024-03-04,2025-07-11,60,494,3
CUST_0629,1614.24,538.08,3,12,2023-12-29,2024-10-04,340,280,1
CUST_0630,4861.2,694.4571428571428,7,27,2024-01-08,2025-03-20,173,437,0
CUST_0631,553.52,276.76,2,19,2024-04-02,2024-04-17,510,15,1
CUST_0632,580.88,193.62666666666667,3,7,2024-04-15,2025-04-18,144,368,2
CUST_0633,198.31,99.155,2,4,2024-04-12,2025-04-23,139,376,2
CUST_0634,7333.38,1466.676,5,34,2023-09-10,2025-08-27,13,717,0
CUST_0635,636.25,212.08333333333334,3,35,2023-11-19,2025-01-06,246,414,2
CUST_0636,4233.639999999999,1058.4099999999999,4,27,2024-01-02,2024-10-21,323,293,1
CUST_0637,5704.5,1426.125,4,36,2024-10-26,2025-09-07,2,316,0
CUST_0638,4308.37,538.54625,8,54,2023-09-24,2025-02-15,206,510,0
CUST_0639,3527.6400000000003,705.528,5,56,2024-02-04,2025-08-20,20,563,0
CUST_0640,3823.9900000000002,764.798,5,33,2023-10-25,2025-06-17,84,601,0
CUST_0641,8913.91,1782.782,5,55,2023-10-31,2025-06-28,73,606,0
CUST_0642,8225.51,822.551,10,69,2024-03-16,2025-08-21,19,523,3
CUST_0643,3211.4,458.7714285714286,7,85,2024-03-21,2025-08-14,26,511,0
CUST_0644,5340.89,593.4322222222222,9,63,2024-02-11,2025-08-22,18,558,0
CUST_0645,2416.87,604.2175,4,34,2023-11-09,2025-04-23,139,531,2
CUST_0646,9164.59,2291.1475,4,27,2023-10-16,2024-11-23,290,404,0
CUST_0647,5360.4,765.7714285714285,7,39,2024-01-28,2025-09-02,7,583,0
CUST_0648,7967.4400000000005,995.9300000000001,8,36,2024-01-22,2025-08-09,31,565,3
CUST_0649,4127.37,687.895,6,29,2023-11-16,2025-06-13,88,575,0
CUST_0650,401.4,401.4,1,4,2025-04-02,2025-04-02,160,0,2
CUST_0651,5358.06,893.0100000000001,6,48,2023-10-11,2025-05-05,127,572,0
CUST_0652,7119.47,1017.0671428571429,7,35,2024-02-25,2025-09-07,2,560,0
CUST_0653,3005.98,500.99666666666667,6,58,2024-01-03,2025-08-16,24,591,0
CUST_0654,2065.49,516.3725,4,28,2024-03-05,2025-01-22,230,323,2
CUST_0655,3500.34,1166.78,3,18,2023-10-12,2025-04-26,136,562,2
CUST_0656,1483.89,494.63000000000005,3,18,2023-09-29,2024-12-28,255,456,2
CUST_0657,3551.8,710.36,5,28,2023-09-20,2025-08-19,21,699,0
CUST_0658,8104.09,900.4544444444444,9,41,2023-11-15,2025-01-21,231,433,3
CUST_0659,6016.049999999999,1002.6749999999998,6,30,2023-11-14,2025-01-09,243,422,0
CUST_0660,2085.62,347.6033333333333,6,16,2023-09-11,2025-05-20,112,617,0
CUST_0661,3334.38,666.876,5,33,2024-01-05,2025-08-28,12,601,0
CUST_0662,6477.49,809.68625,8,38,2023-10-29,2025-06-05,96,585,0
CUST_0663,796.98,398.49,2,20,2024-10-17,2024-11-20,293,34,1
CUST_0664,284.02,284.02,1,7,2024-12-12,2024-12-12,271,0,1
CUST_0665,7837.16,1306.1933333333334,6,48,2023-10-25,2025-06-17,84,601,0
CUST_0666,9124.28,1303.4685714285715,7,27,2024-01-28,2025-09-04,5,585,3
CUST_0667,6570.29,938.6128571428571,7,36,2024-05-30,2025-07-25,46,421,0
CUST_0668,9132.970000000001,1826.5940000000003,5,31,2024-03-24,2025-02-14,207,327,0
CUST_0669,2105.84,701.9466666666667,3,13,2024-04-13,2025-07-09,62,452,2
CUST_0670,4771.32,954.2639999999999,5,21,2023-10-13,2024-11-21,292,405,1
CUST_0671,3989.5699999999997,797.914,5,38,2023-09-26,2025-06-08,93,621,0
CUST_0672,2870.47,717.6175,4,23,2024-03-20,2025-07-08,63,475,2
CUST_0673,1785.23,595.0766666666667,3,24,2024-08-29,2025-05-21,111,265,2
CUST_0674,4162.42,832.484,5,36,2024-01-27,2025-08-03,37,554,0
CUST_0675,4514.58,1504.86,3,12,2024-03-20,2024-12-01,282,256,1
CUST_0676,4190.18,1396.7266666666667,3,24,2024-03-09,2024-12-17,266,283,1
CUST_0677,4008.12,668.02,6,42,2023-11-01,2025-02-14,207,471,0
CUST_0678,1389.6200000000001,694.8100000000001,2,21,2024-03-28,2024-12-24,259,271,1
CUST_0679,3661.21,457.65125,8,59,2023-12-21,2025-06-17,84,544,0
CUST_0680,5796.79,1159.358,5,23,2023-09-11,2025-06-29,72,657,0
CUST_0681,2933.42,586.684,5,41,2024-03-08,2025-05-14,118,432,2
CUST_0682,8905.05,1484.175,6,41,2023-11-13,2025-07-23,48,618,3
CUST_0683,3262.74,466.10571428571427,7,33,2024-07-03,2025-04-25,137,296,0
CUST_0684,5716.4800000000005,1905.4933333333336,3,15,2023-09-23,2025-07-21,50,667,2
CUST_0685,5730.06,1432.515,4,47,2023-11-03,2025-08-25,15,661,0
CUST_0686,2270.46,756.82,3,25,2023-10-16,2024-05-17,480,214,1
CUST_0687,3028.4700000000003,757.1175000000001,4,23,2024-02-14,2024-07-23,413,160,1
CUST_0688,4028.88,671.48,6,41,2024-01-12,2025-07-08,63,543,0
CUST_0689,4494.05,1123.5125,4,32,2024-03-27,2025-02-20,201,330,2
CUST_0690,8090.07,1348.345,6,26,2023-12-10,2024-07-18,418,221,1
CUST_0691,10530.28,2632.57,4,30,2024-12-21,2025-07-22,49,213,0
CUST_0692,7139.12,1189.8533333333332,6,19,2023-09-21,2025-08-09,31,688,0
CUST_0693,4673.49,778.915,6,47,2024-01-26,2025-08-12,28,564,0
CUST_0694,10766.25,1345.78125,8,41,2023-12-06,2025-09-06,3,640,3
CUST_0695,1310.94,436.98,3,20,2024-07-18,2025-05-22,110,308,2
CUST_0696,5276.31,1319.0775,4,23,2023-11-09,2025-06-17,84,586,0
CUST_0697,6434.32,643.432,10,61,2024-01-24,2025-08-23,17,577,3
CUST_0698,2454.31,818.1033333333334,3,24,2024-04-26,2025-02-12,209,292,2
CUST_0699,3896.69,1298.8966666666668,3,27,2023-09-10,2025-03-12,181,549,2
CUST_0700,3551.78,443.9725,8,51,2023-10-08,2025-04-12,150,552,0
CUST_0701,5817.82,1454.455,4,18,2023-10-09,2025-07-16,55,646,0
CUST_0702,2885.14,480.8566666666666,6,43,2023-09-13,2025-08-11,29,698,0
CUST_0703,3596.63,399.6255555555556,9,56,2023-09-11,2025-05-29,103,626,0
CUST_0704,1967.1599999999999,327.85999999999996,6,66,2023-10-08,2025-03-04,189,513,2
CUST_0705,1787.6799999999998,446.91999999999996,4,23,2023-12-17,2025-02-13,208,424,2
CUST_0706,1172.1200000000001,390.7066666666667,3,24,2024-02-08,2024-12-13,270,309,1
CUST_0707,5616.28,936.0466666666666,6,48,2024-08-14,2025-06-25,76,315,0
CUST_0708,6728.0599999999995,841.0074999999999,8,42,2023-09-29,2025-09-02,7,704,0
CUST_0709,4478.67,639.8100000000001,7,31,2024-01-16,2025-09-07,2,600,0
CUST_0710,3456.1099999999997,576.0183333333333,6,37,2024-02-13,2025-04-11,151,423,0
CUST_0711,9873.57,3291.19,3,19,2024-01-09,2025-06-24,77,532,0
CUST_0712,2657.9900000000002,885.9966666666668,3,25,2024-02-07,2025-02-14,207,373,2
CUST_0713,9804.02,1634.0033333333333,6,42,2024-10-11,2025-05-29,103,230,3
CUST_0714,4310.03,615.7185714285714,7,47,2023-09-26,2025-07-23,48,666,0
CUST_0715,5762.96,1152.592,5,23,2024-03-04,2025-07-23,48,506,0
CUST_0716,3210.47,535.0783333333333,6,51,2023-09-25,2025-07-30,41,674,0
CUST_0717,8248.51,1649.702,5,39,2023-09-23,2025-08-08,32,685,0
CUST_0718,2482.4,827.4666666666667,3,14,2024-03-28,2025-05-27,105,425,2
CUST_0719,6485.72,926.5314285714286,7,40,2023-10-01,2024-12-20,263,446,0
CUST_0720,6416.610000000001,802.0762500000001,8,44,2023-11-11,2025-08-20,20,648,0
CUST_0721,7819.349999999999,1954.8374999999999,4,12,2023-10-30,2025-01-18,234,446,0
CUST_0722,432.54,432.54,1,1,2023-12-02,2023-12-02,647,0,1
CUST_0723,8252.26,2063.065,4,13,2023-09-13,2025-05-23,109,618,0
CUST_0724,5253.39,656.67375,8,59,2023-11-17,2025-06-03,98,564,0
CUST_0725,4867.11,811.185,6,31,2024-07-10,2025-04-24,138,288,0
CUST_0726,12142.759999999998,1734.6799999999998,7,34,2023-10-30,2025-03-30,163,517,3
CUST_0727,14985.760000000002,1873.2200000000003,8,34,2023-10-23,2025-02-16,205,482,3
CUST_0728,5512.85,918.8083333333334,6,51,2024-01-06,2025-06-18,83,529,0
CUST_0729,3852.36,642.0600000000001,6,22,2023-11-25,2025-04-06,156,498,0
CUST_0730,3497.58,499.6542857142857,7,68,2023-10-11,2025-08-28,12,687,0
CUST_0731,3946.69,563.8128571428572,7,47,2023-12-11,2025-01-24,228,410,0
CUST_0732,6551.4,1310.28,5,23,2024-08-14,2025-05-03,129,262,0
CUST_0733,5368.35,671.04375,8,44,2024-01-28,2025-07-30,41,549,0
CUST_0734,632.54,632.54,1,3,2024-01-10,2024-01-10,608,0,1
CUST_0735,2926.52,365.815,8,59,2023-10-27,2025-07-02,69,614,0
CUST_0736,2702.17,540.434,5,61,2023-09-18,2025-06-28,73,649,2
CUST_0737,2149.07,429.814,5,27,2024-09-05,2025-04-22,140,229,2
CUST_0738,6347.99,1269.598,5,14,2024-02-26,2025-02-05,216,345,0
CUST_0739,222.14,222.14,1,1,2024-02-07,2024-02-07,580,0,1
CUST_0740,7316.219999999999,1219.37,6,39,2023-09-28,2025-07-06,65,647,0
CUST_0741,5587.9,1862.6333333333332,3,19,2025-03-11,2025-07-22,49,133,2
CUST_0742,1023.03,511.515,2,11,2023-12-24,2024-01-30,588,37,1
CUST_0743,9325.35,1036.15,9,36,2023-09-13,2025-04-15,147,580,3
CUST_0744,11454.59,2290.918,5,34,2023-10-03,2024-11-22,291,416,3
CUST_0745,4976.889999999999,1244.2224999999999,4,29,2024-07-23,2025-08-27,13,400,0
CUST_0746,2288.53,457.706,5,13,2023-11-21,2024-11-17,296,362,1
CUST_0747,11670.28,1945.0466666666669,6,64,2023-10-26,2025-09-02,7,677,3
CUST_0748,7485.34,1069.3342857142857,7,48,2023-10-18,2025-09-06,3,689,0
CUST_0749,8110.3099999999995,1351.7183333333332,6,22,2023-12-27,2025-09-03,6,616,0
CUST_0750,2135.13,533.7825,4,32,2023-12-02,2025-04-26,136,511,2
CUST_0751,1479.8,369.95,4,26,2023-11-17,2025-08-01,39,623,2
CUST_0752,1154.17,288.5425,4,54,2024-01-09,2025-03-03,190,419,2
CUST_0753,1164.1000000000001,388.03333333333336,3,4,2024-04-10,2025-02-21,200,317,2
CUST_0754,8929.22,1488.2033333333331,6,47,2023-10-13,2025-07-11,60,637,3
CUST_0755,1813.9099999999999,453.47749999999996,4,17,2023-10-19,2025-04-28,134,557,2
CUST_0756,8523.63,2130.9075,4,13,2023-09-27,2025-04-23,139,574,0
CUST_0757,6757.280000000001,1126.2133333333334,6,52,2023-12-14,2025-08-18,22,613,0
CUST_0758,1495.28,747.64,2,6,2024-02-10,2024-07-28,408,169,1
CUST_0759,3068.3900000000003,767.0975000000001,4,29,2023-12-25,2025-02-21,200,424,2
CUST_0760,7111.03,1777.7575,4,24,2024-01-10,2025-08-05,35,573,0
CUST_0761,3383.24,676.6479999999999,5,56,2024-02-10,2025-05-17,115,462,2
CUST_0762,2144.41,714.8033333333333,3,27,2023-09-24,2024-04-15,512,204,1
CUST_0763,5528.98,691.1225,8,43,2024-05-05,2025-09-04,5,487,0
CUST_0764,3688.93,1229.6433333333332,3,18,2024-10-14,2024-11-25,288,42,1
CUST_0765,10798.42,1542.6314285714286,7,40,2023-09-18,2025-06-03,98,624,3
CUST_0766,6591.23,2197.0766666666664,3,10,2024-04-19,2025-05-17,115,393,2
CUST_0767,3264.04,466.2914285714286,7,68,2023-10-27,2025-09-01,8,675,0
CUST_0768,12933.65,1293.365,10,76,2024-01-10,2025-07-26,45,563,3
CUST_0769,3101.82,1033.94,3,26,2023-12-15,2025-02-11,210,424,2
CUST_0770,3210.84,401.355,8,41,2023-10-25,2025-05-31,101,584,0
CUST_0771,2330.15,466.03000000000003,5,31,2023-12-05,2025-04-23,139,505,2
CUST_0772,8108.51,810.851,10,44,2023-11-23,2025-06-07,94,562,3
CUST_0773,994.5600000000001,248.64000000000001,4,17,2024-04-19,2025-08-30,10,498,2
CUST_0774,9542.05,1192.75625,8,48,2023-10-02,2025-06-21,80,628,3
CUST_0775,323.49,161.745,2,4,2023-09-14,2023-11-08,671,55,1
CUST_0776,2256.3599999999997,752.1199999999999,3,7,2023-10-27,2025-07-31,40,643,2
CUST_0777,5990.95,1198.19,5,43,2024-03-12,2025-06-14,87,459,0
CUST_0778,13628.210000000001,1946.887142857143,7,49,2024-01-22,2025-03-07,186,410,3
CUST_0779,1251.82,625.91,2,11,2024-08-16,2025-01-12,240,149,2
CUST_0780,2254.16,322.0228571428571,7,44,2023-09-25,2025-07-16,55,660,0
CUST_0781,3006.39,751.5975,4,19,2024-04-24,2025-02-13,208,295,2
CUST_0782,9778.12,977.8120000000001,10,53,2023-09-15,2025-04-30,132,593,3
CUST_0784,2564.57,366.3671428571429,7,46,2023-09-14,2024-11-03,310,416,1
CUST_0785,3145.56,1048.52,3,18,2024-08-13,2025-06-24,77,315,2
CUST_0786,5308.9400000000005,663.6175000000001,8,47,2023-09-22,2025-06-02,99,619,0
CUST_0787,3014.9599999999996,753.7399999999999,4,13,2024-03-08,2025-03-25,168,382,2
CUST_0788,4023.84,1341.28,3,11,2023-10-19,2024-03-06,552,139,1
CUST_0789,1751.83,875.915,2,15,2023-12-10,2025-05-19,113,526,2
CUST_0790,7797.669999999999,1299.6116666666665,6,31,2023-11-21,2025-04-05,157,501,0
CUST_0791,481.85,240.925,2,16,2024-07-11,2025-01-26,226,199,2
CUST_0792,741.26,741.26,1,20,2025-03-17,2025-03-17,176,0,2
CUST_0793,10255.61,1281.95125,8,70,2023-11-07,2025-06-22,79,593,3
CUST_0794,3370.7299999999996,674.146,5,58,2024-09-28,2025-06-24,77,269,0
CUST_0795,6222.34,622.234,10,73,2023-12-29,2025-05-10,122,498,3
CUST_0796,778.19,259.3966666666667,3,27,2024-04-21,2025-08-04,36,470,2
CUST_0797,1460.9699999999998,730.4849999999999,2,10,2023-10-06,2025-03-10,183,521,2
CUST_0798,5503.16,687.895,8,60,2023-11-06,2025-08-11,29,644,0
CUST_0799,2462.93,1231.465,2,11,2024-06-02,2025-06-07,94,370,2
CUST_0800,5445.0,1089.0,5,19,2023-10-14,2025-08-22,18,678,0
CUST_0801,3756.71,626.1183333333333,6,40,2023-12-13,2025-08-04,36,600,0
CUST_0802,1475.1499999999999,368.78749999999997,4,33,2023-11-28,2025-08-08,32,619,2
CUST_0803,3758.94,626.49,6,44,2023-09-25,2025-08-19,21,694,0
CUST_0804,809.22,404.61,2,11,2023-12-11,2023-12-23,626,12,1
CUST_0805,2741.13,913.71,3,23,2024-03-18,2025-08-25,15,525,2
CUST_0806,4446.6,494.0666666666667,9,61,2024-02-26,2025-04-03,159,402,0
CUST_0807,6820.42,974.3457142857143,7,30,2023-10-07,2025-01-27,225,478,0
CUST_0808,589.95,294.975,2,4,2024-02-15,2024-06-20,446,126,1
CUST_0809,4542.97,1135.7425,4,25,2024-08-13,2025-07-22,49,343,2
CUST_0810,5898.5,842.6428571428571,7,53,2023-09-25,2025-07-15,56,659,0
CUST_0811,4472.48,894.4959999999999,5,47,2023-09-21,2025-02-09,212,507,0
CUST_0812,5865.610000000001,586.561,10,57,2023-09-24,2025-09-06,3,713,3
CUST_0813,4972.95,710.4214285714286,7,34,2024-08-20,2025-08-23,17,368,0
CUST_0814,2334.62,778.2066666666666,3,8,2024-02-07,2025-06-17,84,496,2
CUST_0815,6639.28,1659.82,4,27,2023-09-24,2025-06-10,91,625,0
CUST_0816,9309.42,1551.57,6,40,2023-12-26,2025-03-11,182,441,3
CUST_0817,2316.85,772.2833333333333,3,22,2025-04-11,2025-08-30,10,141,2
CUST_0818,5912.67,985.445,6,33,2024-09-11,2025-06-30,71,292,0
CUST_0819,12555.34,2092.556666666667,6,28,2023-10-17,2025-02-18,203,490,3
CUST_0820,1001.14,500.57,2,26,2024-05-22,2024-06-05,461,14,1
CUST_0821,4055.24,675.8733333333333,6,38,2023-11-04,2025-07-23,48,627,0
CUST_0822,9006.31,1125.78875,8,44,2024-04-16,2025-07-18,53,458,3
CUST_0823,3273.6,654.72,5,37,2023-09-25,2025-04-15,147,568,2
CUST_0824,5548.34,924.7233333333334,6,44,2023-10-03,2025-07-11,60,647,0
CUST_0825,3694.33,738.866,5,40,2023-09-13,2025-01-30,222,505,2
CUST_0826,325.59,325.59,1,2,2024-11-24,2024-11-24,289,0,1
CUST_0827,4600.39,920.0780000000001,5,31,2024-07-16,2025-08-24,16,404,0
CUST_0828,5589.47,798.4957142857144,7,66,2023-09-15,2024-12-11,272,453,0
CUST_0829,3804.94,760.988,5,20,2023-10-11,2025-04-01,161,538,0
CUST_0830,6260.24,1043.3733333333332,6,18,2023-10-24,2025-07-07,64,622,0
CUST_0831,3196.38,1598.19,2,4,2024-08-30,2025-07-23,48,327,2
CUST_0832,582.36,291.18,2,8,2024-12-07,2024-12-23,260,16,1
CUST_0833,3288.6400000000003,657.7280000000001,5,51,2024-02-06,2025-05-09,123,458,2
CUST_0834,16778.69,1677.869,10,49,2023-12-13,2025-09-02,7,629,3
CUST_0835,4810.83,801.805,6,45,2023-12-30,2025-03-31,162,457,0
CUST_0836,2034.24,508.56,4,41,2024-02-22,2025-09-01,8,557,2
CUST_0837,4031.73,503.96625,8,64,2023-09-13,2025-08-06,34,693,0
CUST_0838,5942.3099999999995,1188.462,5,22,2024-01-04,2024-12-21,262,352,0
CUST_0839,1984.6799999999998,396.936,5,36,2023-12-09,2025-05-13,119,521,2
CUST_0840,3170.59,452.9414285714286,7,68,2023-12-11,2025-04-23,139,499,0
CUST_0841,8893.83,1482.305,6,55,2024-04-09,2025-07-18,53,465,3
CUST_0842,1674.4099999999999,837.2049999999999,2,21,2023-10-26,2025-04-10,152,532,2
CUST_0843,3769.81,942.4525,4,33,2024-02-07,2025-06-24,77,503,2
CUST_0844,2984.7,497.45,6,35,2023-09-13,2025-03-13,180,547,0
CUST_0845,1227.11,409.03666666666663,3,13,2024-07-05,2025-09-05,4,427,2
CUST_0846,4619.77,923.9540000000001,5,24,2024-06-21,2025-08-22,18,427,0
CUST_0847,5688.91,1422.2275,4,11,2024-09-14,2025-06-08,93,267,0
CUST_0848,4548.85,909.7700000000001,5,30,2023-10-14,2025-03-02,191,505,0
CUST_0849,2273.13,568.2825,4,11,2024-08-22,2025-07-04,67,316,2
CUST_0850,6308.16,788.52,8,32,2023-12-08,2025-04-20,142,499,0
CUST_0851,4835.17,1208.7925,4,24,2024-09-24,2025-03-13,180,170,2
CUST_0852,3271.49,654.298,5,31,2024-01-01,2025-08-03,37,580,0
CUST_0853,4416.43,630.9185714285715,7,36,2023-09-15,2025-02-25,196,529,0
CUST_0854,2219.67,554.9175,4,37,2023-12-29,2025-06-12,89,531,2
CUST_0855,7047.32,1174.5533333333333,6,23,2023-11-17,2025-08-24,16,646,0
CUST_0856,5411.29,1082.258,5,36,2023-09-13,2024-12-24,259,468,0
CUST_0857,693.22,231.07333333333335,3,36,2024-07-08,2025-07-04,67,361,2
CUST_0859,2707.23,902.41,3,18,2024-01-11,2024-12-03,280,327,1
CUST_0860,7030.42,1757.605,4,18,2023-12-21,2025-06-16,85,543,0
CUST_0861,1298.3200000000002,432.77333333333337,3,23,2024-07-29,2025-09-02,7,400,2
CUST_0862,4537.08,1134.27,4,26,2023-12-14,2025-03-01,192,443,2
CUST_0863,5102.98,728.9971428571428,7,20,2023-10-12,2025-07-04,67,631,0
CUST_0864,3005.39,601.078,5,26,2023-10-19,2025-08-25,15,676,2
CUST_0865,6125.23,1225.0459999999998,5,18,2024-03-10,2025-05-18,114,434,0
CUST_0866,855.1899999999999,213.79749999999999,4,8,2024-02-10,2025-05-24,108,469,2
CUST_0867,4160.54,832.108,5,57,2023-09-29,2025-06-02,99,612,0
CUST_0868,2890.65,963.5500000000001,3,24,2024-09-21,2024-10-20,324,29,1
CUST_0869,4263.48,852.6959999999999,5,38,2023-11-06,2024-07-12,424,249,1
CUST_0870,870.45,290.15000000000003,3,5,2023-09-10,2024-11-06,307,423,1
CUST_0871,5160.780000000001,1032.1560000000002,5,13,2023-09-17,2025-06-08,93,630,0
CUST_0872,4763.62,476.36199999999997,10,62,2023-09-24,2025-08-06,34,682,0
CUST_0873,1971.7400000000002,657.2466666666668,3,23,2024-05-03,2025-01-07,245,249,2
CUST_0874,5604.37,700.54625,8,73,2023-09-29,2025-06-11,90,621,0
CUST_0875,852.25,284.0833333333333,3,15,2024-07-11,2025-08-17,23,402,2
CUST_0876,2307.21,769.07,3,24,2024-09-15,2025-08-13,27,332,2
CUST_0877,4118.2300000000005,823.6460000000001,5,33,2024-04-04,2025-07-30,41,482,0
CUST_0878,2951.54,491.92333333333335,6,32,2024-04-17,2025-06-08,93,417,0
CUST_0879,9661.18,1610.1966666666667,6,45,2024-03-03,2025-05-26,106,449,3
CUST_0880,3907.35,651.225,6,50,2024-04-12,2025-09-05,4,511,0
CUST_0881,2585.63,323.20375,8,63,2023-12-14,2025-07-26,45,590,0
CUST_0882,14743.630000000001,1474.363,10,50,2024-02-28,2025-02-04,217,342,3
CUST_0883,8486.55,1414.425,6,34,2024-01-10,2025-06-17,84,524,0
CUST_0884,7213.57,1442.714,5,24,2024-02-10,2025-04-12,150,427,0
CUST_0885,1907.53,317.9216666666667,6,46,2023-10-03,2024-09-04,370,337,1
CUST_0886,3487.1400000000003,581.19,6,25,2023-10-28,2024-10-06,338,344,1
CUST_0887,6079.88,868.5542857142857,7,49,2024-01-13,2025-03-19,174,431,0
CUST_0888,5442.34,1088.468,5,43,2023-12-06,2025-04-23,139,504,0
CUST_0889,2965.98,741.495,4,24,2023-11-20,2025-06-28,73,586,2
CUST_0890,5629.45,703.68125,8,67,2023-10-21,2025-06-06,95,594,0
CUST_0891,4743.3,2371.65,2,4,2024-02-12,2024-11-09,304,271,1
CUST_0892,7399.759999999999,1057.1085714285714,7,55,2023-09-26,2025-06-13,88,626,0
CUST_0893,2368.31,789.4366666666666,3,14,2023-10-19,2024-12-23,260,431,1
CUST_0894,2141.05,535.2625,4,35,2023-10-29,2024-12-25,258,423,2
CUST_0895,1653.04,413.26,4,11,2024-04-05,2025-08-25,15,507,2
CUST_0896,1251.26,417.08666666666664,3,14,2024-04-02,2025-01-13,239,286,2
CUST_0897,4612.86,768.81,6,48,2024-02-06,2025-07-29,42,539,0
CUST_0898,1748.27,582.7566666666667,3,24,2024-03-20,2025-06-14,87,451,2
CUST_0899,2794.87,558.9739999999999,5,37,2023-09-16,2025-03-04,189,535,2
CUST_0900,2353.61,470.72200000000004,5,35,2023-11-23,2025-08-02,38,618,2
CUST_0901,7401.68,2467.226666666667,3,29,2023-11-21,2025-07-07,64,594,0
CUST_0902,772.22,386.11,2,19,2024-05-16,2025-05-06,126,355,2
CUST_0903,2381.63,595.4075,4,15,2023-11-14,2024-12-28,255,410,2
CUST_0904,5758.700000000001,822.6714285714287,7,55,2024-05-20,2025-08-22,18,459,0
CUST_0905,5280.61,1056.1219999999998,5,23,2024-04-29,2025-07-05,66,432,0
CUST_0906,1529.1100000000001,509.7033333333334,3,22,2024-07-03,2025-06-05,96,337,2
CUST_0907,6692.04,956.0057142857142,7,36,2024-07-25,2025-07-04,67,344,0
CUST_0908,6260.429999999999,3130.2149999999997,2,15,2024-06-08,2025-08-20,20,438,2
CUST_0909,5700.33,633.37,9,60,2023-12-01,2025-05-25,107,541,0
CUST_0910,1678.58,559.5266666666666,3,10,2024-02-21,2025-02-05,216,350,2
CUST_0911,3048.08,609.616,5,23,2023-09-29,2025-08-30,10,701,2
CUST_0912,5085.26,847.5433333333334,6,34,2024-03-14,2025-05-07,125,419,0
CUST_0913,1533.9,383.475,4,24,2024-01-24,2025-05-22,110,484,2
CUST_0914,4901.84,816.9733333333334,6,39,2023-12-03,2025-02-21,200,446,0
CUST_0915,4822.52,1607.506666666667,3,26,2023-12-26,2024-02-08,579,44,1
CUST_0916,5016.6,836.1,6,25,2023-10-11,2025-05-24,108,591,0
CUST_0917,8270.15,1181.45,7,42,2023-10-29,2025-04-13,149,532,3
CUST_0918,1855.24,463.81,4,26,2023-12-26,2025-02-11,210,413,2
CUST_0919,4086.52,817.304,5,33,2023-12-04,2025-01-16,236,409,0
CUST_0920,3617.7200000000003,723.5440000000001,5,31,2023-09-17,2025-06-02,99,624,0
CUST_0921,490.05000000000007,245.02500000000003,2,17,2024-06-27,2025-03-03,190,249,2
CUST_0922,6919.91,1729.9775,4,27,2023-10-24,2025-07-29,42,644,0
CUST_0923,1294.6999999999998,323.67499999999995,4,7,2024-03-06,2025-08-26,14,538,2
CUST_0924,6301.26,1260.252,5,16,2024-09-02,2025-03-15,178,194,0
CUST_0925,3446.04,861.51,4,34,2024-07-13,2025-07-01,70,353,2
CUST_0926,2917.6,729.4,4,11,2023-09-21,2024-09-07,367,352,1
CUST_0927,2690.38,538.076,5,34,2024-06-18,2025-03-22,171,277,2
CUST_0928,1500.08,375.02,4,25,2023-11-02,2024-11-30,283,394,1
CUST_0929,1939.22,387.844,5,39,2023-09-12,2024-12-21,262,466,2
CUST_0930,6402.02,914.5742857142858,7,54,2023-12-01,2025-05-16,116,532,0
CUST_0931,6096.110000000001,3048.0550000000003,2,12,2025-01-28,2025-07-14,57,167,2
CUST_0932,2867.21,573.442,5,25,2023-10-05,2025-07-17,54,651,2
CUST_0933,3805.8900000000003,761.1780000000001,5,30,2024-02-26,2025-08-12,28,533,0
CUST_0934,4310.76,718.46,6,25,2023-09-27,2025-08-21,19,694,0
CUST_0935,2580.19,645.0475,4,32,2024-03-14,2025-07-31,40,504,2
CUST_0936,2242.65,747.5500000000001,3,13,2023-12-07,2024-11-24,289,353,1
CUST_0937,6092.070000000001,870.2957142857143,7,21,2023-11-08,2025-01-24,228,443,0
CUST_0938,9180.77,2295.1925,4,25,2024-04-28,2025-01-09,243,256,0
CUST_0939,4036.86,2018.43,2,7,2024-01-04,2024-07-19,417,197,1
CUST_0940,5632.81,1408.2025,4,31,2023-11-06,2025-05-11,121,552,0
CUST_0941,208.72,208.72,1,2,2025-02-15,2025-02-15,206,0,2
CUST_0942,5377.4,896.2333333333332,6,49,2023-10-26,2024-12-17,266,418,0
CUST_0943,7696.3099999999995,1282.7183333333332,6,46,2023-10-22,2024-07-23,413,275,1
CUST_0944,4855.38,809.23,6,70,2023-11-11,2025-06-11,90,578,0
CUST_0945,6479.01,1619.7525,4,16,2023-12-04,2025-09-05,4,641,0
CUST_0946,3530.5899999999997,1765.2949999999998,2,11,2024-02-12,2025-07-13,58,517,2
CUST_0947,7523.91,1880.9775,4,20,2024-02-11,2025-09-04,5,571,0
CUST_0948,1856.05,464.0125,4,27,2024-04-17,2025-07-17,54,456,2
CUST_0949,3156.5499999999997,789.1374999999999,4,18,2024-02-29,2025-07-17,54,504,2
CUST_0950,7040.299999999999,3520.1499999999996,2,8,2024-09-18,2025-05-01,131,225,2
CUST_0951,12367.73,1374.1922222222222,9,39,2023-12-04,2025-07-14,57,588,3
CUST_0952,4777.11,796.185,6,32,2023-10-13,2025-08-26,14,683,0
CUST_0953,3998.09,571.1557142857143,7,27,2023-10-26,2025-08-02,38,646,0
CUST_0954,5879.6900000000005,653.298888888889,9,39,2023-10-18,2025-08-02,38,654,3
CUST_0955,1445.1399999999999,289.02799999999996,5,21,2023-11-15,2025-05-15,117,547,2
CUST_0956,384.11,128.03666666666666,3,7,2024-01-26,2025-06-21,80,512,2
CUST_0957,10580.390000000001,1511.484285714286,7,37,2024-01-09,2025-03-23,170,439,3
CUST_0958,4185.5,697.5833333333334,6,43,2023-12-21,2025-07-25,46,582,0
CUST_0959,5001.92,1667.3066666666666,3,11,2023-10-06,2024-12-02,281,423,1
CUST_0960,2089.4900000000002,522.3725000000001,4,38,2023-12-25,2025-07-08,63,561,2
CUST_0961,7125.24,1781.31,4,8,2023-11-30,2025-01-26,226,423,0
CUST_0962,8634.05,1233.435714285714,7,28,2023-09-22,2025-01-23,229,489,3
CUST_0963,6090.240000000001,1522.5600000000002,4,27,2024-04-11,2025-07-28,43,473,0
CUST_0964,1531.15,510.3833333333334,3,12,2024-04-02,2024-12-14,269,256,1
CUST_0965,5763.85,1921.2833333333335,3,13,2024-11-30,2025-05-10,122,161,2
CUST_0966,4757.35,679.6214285714286,7,71,2023-10-10,2025-07-07,64,636,0
CUST_0967,2976.1800000000003,992.0600000000001,3,23,2024-11-08,2025-03-28,165,140,2
CUST_0968,3765.86,941.465,4,7,2023-10-25,2024-09-14,360,325,1
CUST_0969,7706.78,2568.9266666666667,3,14,2023-12-03,2025-06-01,100,546,0
CUST_0970,11118.699999999999,1853.1166666666666,6,28,2023-09-10,2025-05-16,116,614,3
CUST_0971,4912.01,1228.0025,4,14,2024-04-22,2025-06-16,85,420,2
CUST_0972,1796.1799999999998,359.236,5,41,2024-05-23,2025-08-20,20,454,2
CUST_0973,4300.56,614.3657142857144,7,60,2023-10-23,2025-06-07,94,593,0
CUST_0974,4777.91,955.582,5,31,2023-11-20,2025-05-31,101,558,0
CUST_0975,3605.96,1201.9866666666667,3,23,2023-12-09,2024-12-04,279,361,1
CUST_0976,9357.2,1559.5333333333335,6,33,2024-01-11,2025-05-10,122,485,3
CUST_0977,7623.25,2541.0833333333335,3,11,2023-10-30,2024-02-17,570,110,1
CUST_0978,5616.21,936.035,6,26,2024-01-01,2025-08-18,22,595,0
CUST_0979,5129.79,854.965,6,23,2023-11-27,2025-06-30,71,581,0
CUST_0980,9565.18,2391.295,4,18,2023-10-09,2025-03-09,184,517,0
CUST_0981,3214.31,535.7183333333334,6,41,2023-10-26,2025-01-05,247,437,0
CUST_0982,4163.17,832.634,5,37,2023-10-07,2024-12-25,258,445,0
CUST_0983,3083.67,1027.89,3,24,2023-11-21,2024-04-15,512,146,1
CUST_0984,6086.99,1217.398,5,26,2024-07-25,2025-03-05,188,223,0
CUST_0985,4325.34,720.89,6,23,2024-01-05,2025-08-08,32,581,0
CUST_0986,4739.14,789.8566666666667,6,41,2023-09-14,2025-08-17,23,703,0
CUST_0987,6562.84,6562.84,1,5,2025-01-12,2025-01-12,240,0,1
CUST_0988,2336.55,584.1375,4,39,2024-01-21,2025-06-23,78,519,2
CUST_0989,3705.58,617.5966666666667,6,35,2023-10-24,2024-08-18,387,299,1
CUST_0990,4002.48,800.496,5,43,2024-04-02,2025-07-25,46,479,0
CUST_0991,494.66999999999996,247.33499999999998,2,14,2024-01-19,2024-01-30,588,11,1
CUST_0992,6119.76,556.3418181818182,11,66,2023-10-27,2025-07-19,52,631,3
CUST_0993,10901.05,1362.63125,8,40,2024-02-02,2025-07-04,67,518,3
CUST_0994,8860.8,1476.8,6,49,2024-09-01,2025-04-17,145,228,3
CUST_0995,5357.5,1071.5,5,15,2024-01-28,2025-05-24,108,482,0
CUST_0996,6705.06,2235.02,3,15,2024-04-23,2025-02-02,219,285,2
CUST_0997,2307.84,461.56800000000004,5,55,2024-01-24,2025-01-26,226,368,2
CUST_0998,5737.27,819.61,7,38,2023-10-31,2025-09-07,2,677,0
CUST_0999,5683.43,2841.715,2,10,2024-09-19,2024-11-16,297,58,1
CUST_1000,2740.92,685.23,4,21,2023-09-26,2025-01-17,235,479,2
